Datum,CoV-Infektionen pro Woche,Cases,Intensiv-CoV-Patienten,Beatmete CoV-Patienten,Todesfälle mit CoV pro Woche,Personen mit Erstimpfung,Personen mit Vollschutz,Verhältnis Intensivpatienten/Infektionen (mit deltaT),Verhältnis beatmete Patienten/Infektionen (mit deltaT),Verhältnis Todesfälle/Infektionen (mit deltaT),Intensiv-CoV-Patienten -10 days 00:00:00d (peak matched),Beatmete CoV-Patienten -11 days 00:00:00d (peak matched),Todesfälle mit CoV pro Woche -21 days 00:00:00d (peak matched)
2020-02-28,0.0,0.0,,,0.0,,,,,,,,0.004941026458399745
2020-02-29,0.0,3.753242716406004e-06,,,0.0,,,,,,,,0.007491233662735098
2020-03-01,0.0,2.5249087364913116e-05,,,0.0,,,,,,,,0.008766337264902774
2020-03-02,0.0,3.4802796097582946e-05,,,0.0,,,,,,,,0.013707363723302519
2020-03-03,0.0,4.879215531327805e-05,,,0.0,,,,,,,,0.01625757092763787
2020-03-04,0.0,7.131161161171407e-05,,,0.0,,,,,,,,0.021836149187121453
2020-03-05,0.0,0.00011839774750844395,,,0.0,,,,,,,,0.028371055148230795
2020-03-06,0.0032383920775445694,0.00019994547561944713,,,0.0,,,,,,,,0.035384124960153016
2020-03-07,0.004039700697414813,0.00025317328141575044,,,0.0,,,,,,,,0.044309850175326744
2020-03-08,0.004282856416547852,0.0002896820969298816,,,0.0,,,,,,,,0.05323557539050048
2020-03-09,0.005437846082429789,0.0003705474172742655,,,0.0,,,,,,,,0.05881415364998406
2020-03-10,0.006078892978325983,0.00042411642695387844,,,0.0,,,,,,,,0.07475294867708002
2020-03-11,0.00721177757883219,0.00051658267933079,,,0.0,,,,,,,,0.0929231750079694
2020-03-12,0.01088121843120351,0.0007902281937451186,,,0.0,,,,,,,,0.10742747848262671
2020-03-13,0.013390143351348962,0.001026682484878697,,,0.0,,,,,,,,0.12177239400701308
2020-03-14,0.016578799031798135,0.0012767849313446607,,,0.0,,,,,,,,0.13277016257570928
2020-03-15,0.021751384329719157,0.0016326605816366117,,,0.0,,,,,,,,0.15189671660822443
2020-03-16,0.026929495893984107,0.002033233940642125,,,0.0,,,,,,,,0.15604080331526937
2020-03-17,0.03238392077544569,0.0024235711831483496,,,0.001912655403251514,,,,,,,,0.16321326107746253
2020-03-18,0.03664467212661782,0.002779105629556991,,,0.001912655403251514,,,,,,,,0.17994899585591329
2020-03-19,0.047691678548139306,0.0037348177067072835,,,0.0031877590054191903,,,,,,,,0.196844118584635
2020-03-20,0.0602086718171469,0.004744098793537189,,,0.004941026458399745,,,,,,,,0.2161300605674211
2020-03-21,0.0711064690473822,0.005667055297889756,,,0.007491233662735098,,,,,,,,0.2209116990755499
2020-03-22,0.07610774008864131,0.006331720462576929,,,0.008766337264902774,,,,,,,,0.2121453618106471
2020-03-23,0.09206759728991898,0.007717690636580673,,,0.013707363723302519,,,,,,,,0.21756455211985973
2020-03-24,0.1120726814549554,0.009343185936667782,,,0.01625757092763787,,,,,,,,0.21708638826904686
2020-03-25,0.12907147672889244,0.010748263528136867,,,0.021836149187121453,,,,,,,,0.2220274147274466
2020-03-26,0.14096952816737957,0.012438587566052806,,,0.028371055148230795,,,,,,,,0.2330251832961428
2020-03-27,0.15656465178995768,0.014410746011582508,,,0.035384124960153016,,,,,,,,0.23828498565508446
2020-03-28,0.17639842169833217,0.01655828325313336,,,0.044309850175326744,,,,,,,,0.2496015301243226
2020-03-29,0.18754490091404447,0.01791115665045607,,,0.05323557539050048,,,,,,,,0.25836786738922535
2020-03-30,0.1913524984250141,0.019532216300060155,,,0.05881415364998406,,,,,,,,0.25581766018489005
2020-03-31,0.19052908473976812,0.021106872221534127,,,0.07475294867708002,,,,,,,,0.25964297099139305
2020-04-01,0.1979066503089183,0.022967456997221577,,,0.0929231750079694,,,,,,,,0.2590054191903092
2020-04-02,0.2045492224543254,0.0250679081028757,,,0.10742747848262671,,,,,,,,0.24306662416321326
2020-04-03,0.2067265713938349,0.027174500878429396,,,0.12177239400701308,,,,,,,,0.23159069174370417
2020-04-04,0.20555500292892115,0.029249702896718608,,,0.13277016257570928,,,,,,,,0.2215492508766337
2020-04-05,0.21644727389281254,0.03127508914804461,,,0.15189671660822443,,,,,,,,0.2145361810647115
2020-04-06,0.2105120638394288,0.032529695826974146,,,0.15604080331526937,,,,,,,,0.2145361810647115
2020-04-07,0.20619604982481735,0.03383787151558329,,,0.16321326107746253,,,,,,,,0.20959515460631176
2020-04-08,0.19818296362611493,0.03520371066047177,,,0.17994899585591329,,,,,,,,0.19700350653490595
2020-04-09,0.19165091680758645,0.0369008587760539,,,0.196844118584635,,,,,,,,0.19030921262352565
2020-04-10,0.18694806414889972,0.0387170870469111,,,0.2161300605674211,,,,,,,,0.18489002231431304
2020-04-11,0.17617737104457487,0.040127282696629823,,,0.2209116990755499,,,,,,,,0.1713420465412815
2020-04-12,0.15896305138322447,0.04108981885144631,,,0.2121453618106471,,,,,,,,0.16082244182339814
2020-04-13,0.15266310775114117,0.04195545310340286,,,0.21756455211985973,,,,,,,,0.15014344915524386
2020-04-14,0.14298108911657106,0.042665839588453526,,,0.21708638826904686,,,,,,,,0.14631813834874083
2020-04-15,0.13459774307282513,0.04351407244236128,,,0.2220274147274466,,,,0.7531322314722291,0.7685534942072576,,0.5608431810923028,0.14042078418871534
2020-04-16,0.12294837361981498,0.0444919627719267,,,0.2330251832961428,,,0.6987710257697239,0.7639224359800939,0.7953333400569196,0.41781188648938067,0.5196422868093261,0.13245138667516737
2020-04-17,0.11221083811355372,0.04564523189751327,,,0.23828498565508446,,,0.7227926554206373,0.8488552489979705,0.8250381325804499,0.39443155452436196,0.5269881826892366,0.12511954096270322
2020-04-18,0.10931507454933298,0.04687663671237775,,,0.2496015301243226,,,0.7624183532748237,0.8560269941279752,0.8586091925121717,0.40531857933250043,0.5177259661450015,0.12655403251514186
2020-04-19,0.1073090398664854,0.047715315857552835,,,0.25836786738922535,,,0.7588872502677063,0.8090884986338605,0.81953489699435,0.3960378368731037,0.4803577131906739,0.1189034109021358
2020-04-20,0.10309802491240867,0.04832095275042744,,,0.25581766018489005,,,0.7404048465500979,0.8096595597317584,0.8296016700696778,0.37122969837587005,0.46183328010220376,0.11555626394644565
2020-04-21,0.10145672380826067,0.04893000168213515,,,0.25964297099139305,,,0.7187424509843513,0.7994291691605248,0.815436144773186,0.35463144743887204,0.4487384222293197,0.11189034109021358
2020-04-22,0.10008068348862141,0.0496932747690988,,,0.2590054191903092,,,0.697822211782831,0.7700439330106105,0.7471586577369951,0.33963947885061574,0.42638134781220055,0.10168951227287217
2020-04-23,0.09724018258784001,0.050495786302643064,,,0.24306662416321326,,,0.670653083202723,0.7652294087511274,0.7266593988130036,0.3171515259682313,0.41168955605237945,0.09627032196365955
2020-04-24,0.09147628679111819,0.05129317977793769,,,0.23159069174370417,,,0.6996715524859589,0.7825239855934087,0.712676217908318,0.3112618240228449,0.39603960396039606,0.08893847625119541
2020-04-25,0.08288846889264675,0.05199435375813899,,,0.2215492508766337,,,0.7672920679415338,0.8399195514880776,0.7223384845241542,0.3092985900410494,0.38518045352922387,0.08160663053873127
2020-04-26,0.07890403085867126,0.052587024903447833,0.41781188648938067,0.5608431810923028,0.2145361810647115,,,0.7818524237725243,0.8223403903413965,0.7725900036815311,0.3000178475816527,0.35899073778345575,0.08272234619062799
2020-04-27,0.0747206472363142,0.05293437045665704,0.39443155452436196,0.5196422868093261,0.2145361810647115,,,0.7937011227782999,0.8328420340845457,0.8171020804966603,0.2884169195074067,0.34429894602363464,0.08256295824035703
2020-04-28,0.07117831050985333,0.05332470769916327,0.40531857933250043,0.5269881826892366,0.20959515460631176,,,0.7744234954122527,0.8231952718975788,0.7828402560394544,0.26807067642334464,0.3241775790482274,0.07554988842843481
2020-04-29,0.06602230401096411,0.05376963756299903,0.3960378368731037,0.5177259661450015,0.19700350653490595,,,0.8009945629109038,0.8428899163726282,0.8138746193573795,0.2571836516152061,0.30788885340146915,0.07268090532355755
2020-04-30,0.06119234722636692,0.05427393690253068,0.37122969837587005,0.4803577131906739,0.19030921262352565,,,0.8222362239592736,0.8999860191009097,0.816660930196202,0.2446903444583259,0.304694985627595,0.06758049091488684
2020-05-01,0.05733501331830189,0.05483317006727517,0.35463144743887204,0.46183328010220376,0.18489002231431304,,,0.8749935672458388,0.9172399452035547,0.7132445096411244,0.24397644119221845,0.29096135419993613,0.05578578259483583
2020-05-02,0.05120085767653658,0.055155607737002774,0.33963947885061574,0.4487384222293197,0.1713420465412815,,,0.9518688229738104,0.9741391707403799,0.7682311318314264,0.2370158843476709,0.27595017566272756,0.053394963340771436
2020-05-03,0.045984062247864096,0.055426182416467316,0.3171515259682313,0.42638134781220055,0.16082244182339814,,,1.0,0.9792008207131978,0.855878762418661,0.22363019810815635,0.2491216863621846,0.053076187440229516
2020-05-04,0.044110657957270906,0.05565785985323456,0.3112618240228449,0.41168955605237945,0.15014344915524386,,,0.9276573607456362,0.9501180863940952,0.8631767037849702,0.19900053542744958,0.23187480038326413,0.051322919987248965
2020-05-05,0.04157410170540579,0.055891584513301666,0.3092985900410494,0.39603960396039606,0.14631813834874083,,,0.9533604793132928,0.9858707349938323,0.8375816401215234,0.19275388184900946,0.22676461194506548,0.04701944532993306
2020-05-06,0.039601224620621815,0.05621470459079589,0.3000178475816527,0.38518045352922387,0.14042078418871534,,,0.9183776408013454,1.0,0.7678978204901212,0.17686953417811888,0.21909932928776749,0.041281479120178516
2020-05-07,0.03852912894989887,0.056652810376965464,0.2884169195074067,0.35899073778345575,0.13245138667516737,,,0.9086893692659131,0.9514128985747236,0.8070013174797531,0.170265928966625,0.20281060364100925,0.04207841887153331
2020-05-08,0.036152834422007805,0.05706532587188681,0.26807067642334464,0.34429894602363464,0.12511954096270322,,,0.9349180432263697,0.9644485998967871,0.9051244619312682,0.16437622702123864,0.19290961354199937,0.043991074274784825
2020-05-09,0.03784387192325121,0.05749217192990717,0.2571836516152061,0.3241775790482274,0.12655403251514186,,,0.8756860870359733,0.8557596352960409,0.8523930936657425,0.16116366232375512,0.17917598211434047,0.04351291042397195
2020-05-10,0.03714756236391569,0.057719754920074695,0.2446903444583259,0.30788885340146915,0.1189034109021358,,,0.8229452527263931,0.8376121052407871,0.8018232135062199,0.14867035516687488,0.17214947301181732,0.04032515141855276
2020-05-11,0.035368104601169355,0.057841564706416236,0.24397644119221845,0.304694985627595,0.11555626394644565,,,0.8332206454509178,0.7916157981049562,0.848349534686711,0.14331608067106907,0.15490258703289683,0.040484539368823715
2020-05-12,0.03673861865446467,0.058159907929544126,0.2370158843476709,0.29096135419993613,0.11189034109021358,,,0.7531904176066488,0.732230127739595,0.6986666987151523,0.1345707656612529,0.14883423826253592,0.035065349059611096
2020-05-13,0.0359152049692187,0.05843218862842522,0.22363019810815635,0.27595017566272756,0.10168951227287217,,,0.7234544156649061,0.7233003328163966,0.6530241421710957,0.12636087810101732,0.14372404982433729,0.032196365954733824
2020-05-14,0.03397548548249831,0.05875053185155311,0.19900053542744958,0.2491216863621846,0.09627032196365955,,,0.7323526983515425,0.7391083117883273,0.5751636676478153,0.1210066036052115,0.13893324816352604,0.02709595154606312
2020-05-15,0.03233971064469423,0.05906205099701481,0.19275388184900946,0.23187480038326413,0.08893847625119541,,,0.7523737970770356,0.7336521465338405,0.5797588152273351,0.11832946635730858,0.13126796550622805,0.0259802358941664
2020-05-16,0.02885263658167269,0.059273597404666784,0.17686953417811888,0.22676461194506548,0.08160663053873127,,,0.7733468788105252,0.7362864592029384,0.6300812094748709,0.10851329644833126,0.11753433407856914,0.025023908192540644
2020-05-17,0.02838843020878234,0.0594725192686363,0.170265928966625,0.21909932928776749,0.08272234619062799,,,0.7123058057586068,0.6852878363169845,0.6898433311743614,0.09834017490630019,0.10763334397955925,0.0267771756455212
2020-05-18,0.02830553621362335,0.0595892109967282,0.16437622702123864,0.20281060364100925,0.08256295824035703,,,0.6871645497116954,0.6383479257715247,0.6698607830411888,0.09459218275923613,0.09996806132226126,0.0259802358941664
2020-05-19,0.025984504349171614,0.05976424858886604,0.16116366232375512,0.19290961354199937,0.07554988842843481,,,0.7301840958136032,0.682037790506614,0.859883254411987,0.09227199714438694,0.09805174065793676,0.03012432260121135
2020-05-20,0.02597897808282768,0.06003618808386382,0.14867035516687488,0.17917598211434047,0.07268090532355755,,,0.7148002844651244,0.6577398394857988,0.8069680774571202,0.09030876316259147,0.09453848610667519,0.028371055148230795
2020-05-21,0.02494004001016833,0.0602903849769295,0.14331608067106907,0.17214947301181732,0.06758049091488684,,,0.7166186041601197,0.6272730737700416,0.8226516894212039,0.08691772264858112,0.08655381667198978,0.027733503347146957
2020-05-22,0.02243664135636681,0.06044733876325193,0.1345707656612529,0.15490258703289683,0.05578578259483583,,,0.7556842887415031,0.6792514613164055,0.7861215686076447,0.0824558272354096,0.08431810923027787,0.023908192540643927
2020-05-23,0.0225361141505576,0.06066502684080348,0.12636087810101732,0.14883423826253592,0.053394963340771436,,,0.7702618179341624,0.6275835493589293,0.6989346028701027,0.08441906121720506,0.07824976045991695,0.021517373286579534
2020-05-24,0.02169612166627983,0.06081208571450993,0.1210066036052115,0.14372404982433729,0.053076187440229516,,,0.7036674894161297,0.6013271766751966,0.6355257837003455,0.07424593967517401,0.07218141168955605,0.01896716608224418
2020-05-25,0.021403229550051393,0.06091069363678642,0.11832946635730858,0.13893324816352604,0.051322919987248965,,,0.660142484785804,0.6014645760926923,0.633219576123813,0.06871318936284133,0.07122325135739381,0.01864839018170226
2020-05-26,0.020955601976192846,0.061058093714376184,0.10851329644833126,0.13126796550622805,0.04701944532993306,,,0.6637359367054932,0.606048024996617,0.48027211118996416,0.06764233446368018,0.07026509102523155,0.014185527574115397
2020-05-27,0.018551676116582115,0.061181609520134274,0.09834017490630019,0.11753433407856914,0.041281479120178516,,,0.7101785622162454,0.6627976353314209,0.6304334437165328,0.06407281813314296,0.06802938358351965,0.016098182977366912
2020-05-28,0.016385379709760492,0.06130205449094257,0.09459218275923613,0.10763334397955925,0.04207841887153331,,,0.7883923776864696,0.7011017753282955,0.7207150141442866,0.06282348741745493,0.06355796870009582,0.016098182977366912
2020-05-29,0.017938260552405584,0.06155488656847501,0.09227199714438694,0.09996806132226126,0.043991074274784825,,,0.6587669568390144,0.65328127554164,0.7097230932859203,0.05746921292164912,0.06483551580964549,0.01737328657953459
2020-05-30,0.018490887186798855,0.061806695034357526,0.09030876316259147,0.09805174065793676,0.04351291042397195,,,0.6232010300204791,0.5494642225432568,0.6394616939884797,0.05604140638943423,0.05621207282018524,0.01625757092763787
2020-05-31,0.017689578566928613,0.06190427934498408,0.08691772264858112,0.09453848610667519,0.04032515141855276,,,0.5663715424125491,0.5351935391910144,0.6211694273205841,0.048723897911832945,0.05237943149153625,0.015141855275741155
2020-06-01,0.017932734286061652,0.06201790023812619,0.0824558272354096,0.08655381667198978,0.040484539368823715,,,0.49729721088493917,0.505402795060353,0.6050413523666514,0.043369623416027125,0.05014372404982434,0.014982467325470195
2020-06-02,0.016722481956740386,0.062090576665271145,0.08441906121720506,0.08431810923027787,0.035065349059611096,,,0.4981743748908765,0.5040070602879997,0.6601254633846774,0.04051401035159736,0.04663046949856276,0.015141855275741155
2020-06-03,0.016611956629861733,0.06220726839336304,0.07424593967517401,0.07824976045991695,0.032196365954733824,,,0.48823369488742646,0.48650997325077733,0.581810315285841,0.03944315545243619,0.044714148834238264,0.0133885878227606
2020-06-04,0.016838533549962974,0.06234170272338704,0.06871318936284133,0.07218141168955605,0.02709595154606312,,,0.44243353202068886,0.5005334310572651,0.47643959331071184,0.036230590754952705,0.04663046949856276,0.011316544469238125
2020-06-05,0.01554538722548272,0.06251469309222502,0.06764233446368018,0.07122325135739381,0.0259802358941664,,,0.48868056160415846,0.5236029305836396,0.5607772087318433,0.03694449402106015,0.04503353561162568,0.012113484220592923
2020-06-06,0.013716193065640992,0.06265356307273204,0.06407281813314296,0.07026509102523155,0.025023908192540644,,,0.5324462225389122,0.5681783476600033,0.5968323248882258,0.03551668748884526,0.04311721494730118,0.011316544469238125
2020-06-07,0.013799087060799983,0.06275626544160824,0.06282348741745493,0.06802938358351965,0.0267771756455212,,,0.49467373617694776,0.5145638322838718,0.6292908014873982,0.03319650187399607,0.03928457361865219,0.011954096270321964
2020-06-08,0.013141461365871989,0.06282928307263651,0.05746921292164912,0.06355796870009582,0.0259802358941664,,,0.49150197641723775,0.4832073403673616,0.6729503727146826,0.031411743708727465,0.03513254551261578,0.012113484220592923
2020-06-09,0.01389855985499077,0.06294870443179489,0.05604140638943423,0.06483551580964549,0.03012432260121135,,,0.409277773105977,0.423657472077158,0.6514855520588866,0.027663751561663393,0.03257745129351645,0.012432260121134842
2020-06-10,0.013765929462736385,0.06305720726668734,0.048723897911832945,0.05621207282018524,0.028371055148230795,,,0.37589784517158814,0.33967530924740147,0.5944865136825401,0.025165090130287344,0.02587032896838071,0.011316544469238125
2020-06-11,0.014655658344109552,0.06324657542192419,0.043369623416027125,0.05237943149153625,0.027733503347146957,,,0.30549968160878443,0.3308708098624065,0.5209788285087479,0.021774049616276995,0.02682848930054296,0.010678992668154287
2020-06-12,0.013279618024470308,0.06333460602381807,0.04051401035159736,0.05014372404982434,0.023908192540643927,,,0.35373713159162906,0.3347261501354599,0.4670532302426943,0.022844904515438157,0.024592781858831046,0.008766337264902774
2020-06-13,0.012953568310178278,0.06345334497520984,0.03944315545243619,0.04663046949856276,0.021517373286579534,,,0.32864333790030203,0.2896732803311476,0.48981211689940934,0.02070319471711583,0.02076014053018205,0.008925725215173734
2020-06-14,0.012655149927605911,0.06353762233438731,0.036230590754952705,0.044714148834238264,0.01896716608224418,,,0.31899336788214827,0.3603664048276828,0.49268741929439386,0.019632339817954668,0.025231555413605878,0.008766337264902774
2020-06-15,0.012533572068039392,0.06360313347998277,0.03694449402106015,0.04663046949856276,0.01864839018170226,,,0.4070016792150338,0.3730737192836318,0.4979752134540259,0.024808138497233626,0.02587032896838071,0.008766337264902774
2020-06-16,0.012688307525669507,0.06373210854787381,0.03551668748884526,0.04503353561162568,0.014185527574115397,,,0.413607689976113,0.32302724474558364,0.4517211373697054,0.025522041763341066,0.022676461194506548,0.008128785463818936
2020-06-17,0.012837516716955691,0.06384982388761563,0.03319650187399607,0.04311721494730118,0.016098182977366912,,,0.35448423568197407,0.32376952995084013,0.44586136764215945,0.022131001249330717,0.022995847971893964,0.008128785463818936
2020-06-18,0.012975673375554008,0.06404772213993522,0.031411743708727465,0.03928457361865219,0.016098182977366912,,,0.3309117742630633,0.2936287194361804,0.4695553392388622,0.02088167053364269,0.021079527307569467,0.008606949314631815
2020-06-19,0.01580512174364756,0.06431044913008364,0.027663751561663393,0.03513254551261578,0.01737328657953459,,,0.2577397462872323,0.20819078880303368,0.3522999223544453,0.01981081563448153,0.01820504631108272,0.008128785463818936
2020-06-20,0.017203267128662533,0.06451551266395274,0.025165090130287344,0.03257745129351645,0.01625757092763787,,,0.24959230516211775,0.177848184843209,0.31211515810453044,0.02088167053364269,0.016927499201533056,0.007969397513547976
2020-06-21,0.019634824319992927,0.06474991973178645,0.021774049616276995,0.02587032896838071,0.015141855275741155,,,0.203730354775895,0.12642295469110404,0.2733576046023905,0.019453864001427807,0.013733631427658896,0.008128785463818936
2020-06-22,0.02154138620864971,0.06493314621712373,0.022844904515438157,0.02682848930054296,0.014982467325470195,,,0.1822914896500835,0.11791349978384667,0.2270544477168652,0.019096912368374085,0.01405301820504631,0.007650621613006056
2020-06-23,0.0222321695016413,0.06510477177042848,0.02070319471711583,0.024592781858831046,0.015141855275741155,,,0.16177093444537485,0.10905659803071117,0.1958031031518292,0.01749063001963234,0.01341424465027148,0.007013069811922219
2020-06-24,0.023569525956873016,0.06530505844993123,0.019632339817954668,0.02076014053018205,0.0133885878227606,,,0.1572630844238774,0.07837609671234094,0.1338226742499739,0.01802605746921292,0.010220376876397317,0.005578578259483583
2020-06-25,0.023845839274069653,0.0655200168964163,0.024808138497233626,0.025231555413605878,0.011316544469238125,,,0.11850437281925462,0.06778442547354979,0.10536433336487008,0.013742637872568266,0.008942829766847652,0.004781638508128785
2020-06-26,0.02222664323529737,0.065682771148755,0.025522041763341066,0.02587032896838071,0.012113484220592923,,,0.13869527653770183,0.07012524410204515,0.10557358305301538,0.01499196858825629,0.008623442989460236,0.004462862607586867
2020-06-27,0.02270190214087558,0.06591717821658871,0.022131001249330717,0.022676461194506548,0.011316544469238125,,,0.12447574700951404,0.06102861230735165,0.07464037114776714,0.013742637872568266,0.0076652826572979876,0.003665922856232069
2020-06-28,0.02032008134664058,0.06600452641071598,0.02088167053364269,0.022995847971893964,0.011954096270321964,,,0.12822986051860089,0.0454547256565317,0.07719028483777542,0.012671782973407103,0.005110188438198659,0.00334714695569015
2020-06-29,0.018800358102059087,0.06609392182814311,0.01981081563448153,0.021079527307569467,0.012113484220592923,,,0.1054105068470591,0.046058483862176765,0.09434025926877702,0.009637694092450473,0.0047908016608112424,0.0035065349059611095
2020-06-30,0.018772726770339424,0.06626384136203131,0.02088167053364269,0.01820504631108272,0.012432260121134842,,,0.11143041804173955,0.03075085116261905,0.09455629745979327,0.010173121542031054,0.0031938677738741618,0.0035065349059611095
2020-07-01,0.018104048542723565,0.0664228423716536,0.019453864001427807,0.016927499201533056,0.011316544469238125,,,0.06284087908190063,0.025509314139051747,0.11384201166424995,0.005532750312332679,0.0025550942190993293,0.003825310806503028
2020-07-02,0.017402212717044112,0.06659446792495835,0.019096912368374085,0.013733631427658896,0.010678992668154287,,,0.06748414792114041,0.043124431190613516,0.11334037878268965,0.005711226128859539,0.00415202810603641,0.003665922856232069
2020-07-03,0.017230898460382196,0.06674664485691445,0.01749063001963234,0.01405301820504631,0.008766337264902774,,,0.0915834070072749,0.02680196058997227,0.15866457180604104,0.007674460110655006,0.0025550942190993293,0.0046222505578578255
2020-07-04,0.01576643787924003,0.06689063289567111,0.01802605746921292,0.01341424465027148,0.008925725215173734,,,0.10707313313802218,0.010984294574071176,0.22600541938989788,0.008209887560235588,0.0009581603321622484,0.005578578259483583
2020-07-05,0.01567249135139317,0.06697218062378212,0.013742637872568266,0.010220376876397317,0.008766337264902774,,,0.06322400287265428,0.014733517827844416,0.21967133795703142,0.0048188470462252365,0.0012775471095496647,0.005419190309212623
2020-07-06,0.015434861898604066,0.06704690427422692,0.01499196858825629,0.008942829766847652,0.008766337264902774,,,0.0808411405894739,0.00748017482272946,0.2076078571747351,0.006068177761913261,0.0006387735547748323,0.005100414408670704
2020-07-07,0.014838025133459332,0.06717997378871768,0.013742637872568266,0.008623442989460236,0.008128785463818936,,,0.07172625549704915,0.0,0.21806772534877628,0.005175798679278957,0.0,0.005100414408670704
2020-07-08,0.014456712755727975,0.0673154317303916,0.012671782973407103,0.0076652826572979876,0.008128785463818936,,,0.06854100617234234,0.0,0.23387878179570412,0.0048188470462252365,0.0,0.005259802358941664
2020-07-09,0.01411961050874808,0.06746624384681447,0.009637694092450473,0.005110188438198659,0.008606949314631815,,,0.0753757322933765,0.020442395577185305,0.24071447926721345,0.005175798679278957,0.0015969338869370809,0.005259802358941664
2020-07-10,0.01383777092520751,0.06760101938072177,0.010173121542031054,0.0047908016608112424,0.008128785463818936,,,0.07160673807781452,0.029202255982265113,0.2194923535575151,0.0048188470462252365,0.002235707441711913,0.004781638508128785
2020-07-11,0.013594615206074473,0.06772999444861282,0.005532750312332679,0.0031938677738741618,0.007969397513547976,,,0.09448380796657128,0.05095641043873995,0.22435611429559166,0.006246653578440122,0.0038326413286489938,0.004781638508128785
2020-07-12,0.013644351603169867,0.0678146130116736,0.005711226128859539,0.0025550942190993293,0.008128785463818936,,,0.0833806074816956,0.05077066410664248,0.15899772880838808,0.005532750312332679,0.0038326413286489938,0.003665922856232069
2020-07-13,0.013312775622533904,0.06786886442911984,0.007674460110655006,0.00415202810603641,0.007650621613006056,,,0.055133764477913856,0.01734506291397541,0.23021597411384268,0.003569516330537212,0.0012775471095496647,0.004781638508128785
2020-07-14,0.013434353482100423,0.06800944042904342,0.008209887560235588,0.0025550942190993293,0.007013069811922219,,,0.0546348163830911,0.05586130556118551,0.2650039201841836,0.003569516330537212,0.00415202810603641,0.005419190309212623
2020-07-15,0.013180145230279518,0.0681292029920851,0.0048188470462252365,0.0009581603321622484,0.005578578259483583,,,0.08910171144808016,0.07883821992408824,0.32822572469094835,0.005711226128859539,0.005748961992973491,0.006375518010838381
2020-07-16,0.013688561733921328,0.06831140586577245,0.006068177761913261,0.0012775471095496647,0.004781638508128785,,,0.14209353345269696,0.08012725823935896,0.32325038105897197,0.009459218275923612,0.006068348770360907,0.00653490596110934
2020-07-17,0.014727499806580679,0.06851032772974196,0.005175798679278957,0.0006387735547748323,0.004462862607586867,,,0.11213462923505162,0.04703668655883688,0.3052646041119318,0.008031411743708727,0.0038326413286489938,0.0066942939113803
2020-07-18,0.015561966024514517,0.06869082458401275,0.0048188470462252365,0.0,0.003665922856232069,,,0.10376346767757379,0.06306217698118209,0.3263839217101489,0.007852935927181866,0.005429575215586075,0.007491233662735098
2020-07-19,0.015307757772693612,0.0687597477684413,0.005175798679278957,0.0,0.00334714695569015,,,0.11747373091583808,0.07165170348696467,0.39822558414602055,0.00874531500981617,0.006068348770360907,0.008766337264902774
2020-07-20,0.01580512174364756,0.06884470753538541,0.0048188470462252365,0.0015969338869370809,0.0035065349059611095,,,0.12074294420663131,0.040177169769006496,0.3364279219598522,0.009280742459396751,0.0035132545512615776,0.007810009563277016
2020-07-21,0.016413011041480154,0.06902281596247303,0.006246653578440122,0.002235707441711913,0.0035065349059611095,,,0.11179902241354756,0.028137546504893446,0.29145725417517204,0.008923790826343031,0.0025550942190993293,0.0071724577621931785
2020-07-22,0.016982216474905224,0.0691777225254956,0.005532750312332679,0.0038326413286489938,0.003825310806503028,,,0.09724659515503174,0.05098957438956243,0.2356151527760371,0.008031411743708727,0.0047908016608112424,0.006216130060567421
2020-07-23,0.01717563579694287,0.06937186753509879,0.003569516330537212,0.0038326413286489938,0.003665922856232069,,,0.11965516993449953,0.05041536747076105,0.2104630694073967,0.009994645725504195,0.0047908016608112424,0.0057379662097545425
2020-07-24,0.018457729588735258,0.06964994869999615,0.003569516330537212,0.0012775471095496647,0.0046222505578578255,,,0.1093555108458263,0.040658333478814965,0.2329747936394061,0.009816169908977334,0.00415202810603641,0.0066942939113803
2020-07-25,0.0198503487074063,0.06991642893286097,0.005711226128859539,0.00415202810603641,0.005578578259483583,,,0.01663913067435482,0.07561182283922159,0.1750390181702877,0.0016062823487417454,0.00830405621207282,0.0057379662097545425
2020-07-26,0.02041955414083137,0.0700204961172704,0.009459218275923612,0.005748961992973491,0.005419190309212623,,,0.04313415056908075,0.04806037628660589,0.16255541966698636,0.004283419596644655,0.005429575215586075,0.005578578259483583
2020-07-27,0.02092244437812925,0.07013650543759568,0.008031411743708727,0.006068348770360907,0.005100414408670704,,,0.033327093686193805,0.05518258922314681,0.15738790060436236,0.0033910405140103518,0.0063877355477483235,0.005578578259483583
2020-07-28,0.02153585994230578,0.07035248749573068,0.007852935927181866,0.0038326413286489938,0.005100414408670704,,,0.022153247397418887,0.05629133870638325,0.15141138977484317,0.002320185614849188,0.00670712232513574,0.005578578259483583
2020-07-29,0.022806901201410303,0.07058587095191447,0.00874531500981617,0.005429575215586075,0.005259802358941664,,,0.027355137589823192,0.055685343125446374,0.14555048372766322,0.0030340888809566305,0.007026509102523155,0.0057379662097545425
2020-07-30,0.024647147893939896,0.07089363685465977,0.009280742459396751,0.006068348770360907,0.005259802358941664,,,0.0342465974038988,0.03981683640784949,0.161302105946865,0.004104943780117794,0.005429575215586075,0.0066942939113803
2020-07-31,0.024951092542856195,0.07119048423313916,0.008923790826343031,0.0035132545512615776,0.004781638508128785,,,0.02206266422380307,0.05552725124221497,0.12350934302308292,0.002677137247902909,0.0076652826572979876,0.005578578259483583
2020-08-01,0.025912662886700487,0.07151633394169986,0.008031411743708727,0.0025550942190993293,0.004781638508128785,,,0.028325280150841223,0.05123895824667495,0.12182080721952475,0.003569516330537212,0.007345895879910571,0.0057379662097545425
2020-08-02,0.025553455574344863,0.07159822287369418,0.009994645725504195,0.0047908016608112424,0.003665922856232069,,,0.011489380504091215,0.051959229069779164,0.13408737713708618,0.0014278065322148848,0.007345895879910571,0.006056742110296462
2020-08-03,0.02648739458646949,0.07177189565029878,0.009816169908977334,0.0047908016608112424,0.004781638508128785,,,0.011084267776114707,0.0392299508697998,0.1369814842870489,0.0014278065322148848,0.005748961992973491,0.006375518010838381
2020-08-04,0.027846856107076937,0.07207181386372795,0.0016062823487417454,0.00415202810603641,0.005419190309212623,,,0.017132606689371187,0.03938781874556303,0.13223852692518454,0.002320185614849188,0.006068348770360907,0.00653490596110934
2020-08-05,0.0281618532886811,0.07232464594126038,0.004283419596644655,0.00830405621207282,0.006375518010838381,,,0.013031518703619946,0.03894725640873079,0.11235738577700058,0.001784758165268606,0.006068348770360907,0.005897354160025502
2020-08-06,0.02895210937586348,0.07268120399931896,0.0033910405140103518,0.005429575215586075,0.00653490596110934,,,0.008873073777353134,0.037884179931073125,0.08619776189273848,0.0012493307156880244,0.006068348770360907,0.005100414408670704
2020-08-07,0.03048288515313284,0.07307256485347512,0.002320185614849188,0.0063877355477483235,0.0066942939113803,,,0.013243198195252348,0.03787550449580018,0.06277691008048554,0.0019632339817954665,0.0063877355477483235,0.004462862607586867
2020-08-08,0.0314057716325696,0.07345539561054852,0.0030340888809566305,0.00670712232513574,0.007491233662735098,,,0.01051693777622427,0.0496293738832352,0.035428267811220826,0.0016062823487417454,0.008623442989460236,0.0035065349059611095
2020-08-09,0.03314654553090841,0.07364476376578537,0.004104943780117794,0.007026509102523155,0.008766337264902774,,,0.0132861525802562,0.038315006848735775,0.04595020350122071,0.0021417097983223274,0.007026509102523155,0.004144086707044948
2020-08-10,0.03274312808780132,0.07379352865890837,0.002677137247902909,0.005429575215586075,0.007810009563277016,,,0.014570667528732727,0.0511284151997146,0.047162389030039206,0.002320185614849188,0.009262216544235069,0.004144086707044948
2020-08-11,0.033223913259723466,0.07412313161018548,0.003569516330537212,0.0076652826572979876,0.0071724577621931785,,,0.019882820153786597,0.03996331923131385,0.041945817499691666,0.003212564697483491,0.007345895879910571,0.003984698756773988
2020-08-12,0.035904152436530834,0.07454144757112309,0.0014278065322148848,0.007345895879910571,0.006216130060567421,,,0.014309999544267529,0.030548748446805007,0.062847843125145,0.0024986614313760487,0.006068348770360907,0.005259802358941664
2020-08-13,0.03811465897410392,0.07503448718250552,0.0014278065322148848,0.007345895879910571,0.0057379662097545425,,,0.02503442224379916,0.022718712788041953,0.06603434585962017,0.004640371229698376,0.0047908016608112424,0.0057379662097545425
2020-08-14,0.0397835914099716,0.07552889160942118,0.002320185614849188,0.005748961992973491,0.0066942939113803,,,0.02398422144957394,0.023216700408260457,0.05475889203744211,0.004640371229698376,0.005110188438198659,0.005419190309212623
2020-08-15,0.04140278744874388,0.07601169510430432,0.001784758165268606,0.006068348770360907,0.0057379662097545425,,,0.0035455749767030025,0.022308732813543387,0.05359616265929852,0.0007139032661074424,0.005110188438198659,0.005578578259483583
2020-08-16,0.04178962609281917,0.07622494753137285,0.0012493307156880244,0.006068348770360907,0.005578578259483583,,,0.007903697088373778,0.031771948587497864,0.037607395091587774,0.0016062823487417454,0.007345895879910571,0.004781638508128785
2020-08-17,0.042480409385810755,0.07641636290990955,0.0019632339817954665,0.006068348770360907,0.005578578259483583,,,0.019869887397084514,0.031255297934000115,0.02728525159702397,0.004104943780117794,0.007345895879910571,0.004303474657315907
2020-08-18,0.04482354631563823,0.07689063630770994,0.0016062823487417454,0.0063877355477483235,0.005578578259483583,,,0.01391870950970291,0.021894105582420016,0.02311784340257281,0.0030340888809566305,0.005429575215586075,0.004303474657315907
2020-08-19,0.04639300595731512,0.0774058541715075,0.0021417097983223274,0.008623442989460236,0.0057379662097545425,,,0.01740309261346324,0.017420476230992694,0.015154622727903716,0.003926467963590933,0.004471414883423826,0.003984698756773988
2020-08-20,0.04784088773942549,0.07798828920031704,0.002320185614849188,0.007026509102523155,0.0066942939113803,,,0.02071194087407272,0.013273270825847127,0.0,0.0048188470462252365,0.0035132545512615776,0.0031877590054191903
2020-08-21,0.04771930987985897,0.0784751871417999,0.003212564697483491,0.009262216544235069,0.005578578259483583,,,0.02076471015018501,0.01814602919503478,0.00013359512791764148,0.0048188470462252365,0.0047908016608112424,0.0031877590054191903
2020-08-22,0.051140068746753316,0.0791691958404517,0.0024986614313760487,0.007345895879910571,0.0057379662097545425,,,0.011481931154293882,0.009030528757243736,0.003975203947624917,0.0028556130644297696,0.0025550942190993293,0.003665922856232069
2020-08-23,0.05200769256275076,0.07943601727719983,0.004640371229698376,0.006068348770360907,0.006056742110296462,,,0.007056489141817792,0.012209829512204715,0.005445864639834617,0.001784758165268606,0.0035132545512615776,0.003825310806503028
2020-08-24,0.05283663251434066,0.07967861323823298,0.004640371229698376,0.0047908016608112424,0.006375518010838381,,,0.0027783127000793736,0.014203413222386985,0.006911680737747114,0.0007139032661074424,0.00415202810603641,0.003984698756773988
2020-08-25,0.0522176906838202,0.0801146718011027,0.0007139032661074424,0.005110188438198659,0.00653490596110934,,,0.004216866503141957,0.011055205989990147,0.026831527767065752,0.0010708548991611637,0.0031938677738741618,0.005259802358941664
2020-08-26,0.05258242426251976,0.08065240912119868,0.0016062823487417454,0.005110188438198659,0.005897354160025502,,,0.0034896804683997493,0.010978522480232992,0.019125532568522695,0.000892379082634303,0.0031938677738741618,0.004781638508128785
2020-08-27,0.051477170993733216,0.08116660337334632,0.004104943780117794,0.007345895879910571,0.005100414408670704,,,0.0,0.020185631188293123,0.02066201394858066,0.0,0.005748961992973491,0.004781638508128785
2020-08-28,0.052272953347259524,0.08170263467402575,0.0030340888809566305,0.007345895879910571,0.004462862607586867,,,0.007020680760508219,0.01546092588637104,0.0339462550678435,0.001784758165268606,0.004471414883423826,0.0057379662097545425
2020-08-29,0.04920587552637687,0.0822072752174407,0.003926467963590933,0.005429575215586075,0.0035065349059611095,,,0.008204119636681486,0.01994419254031994,0.0418796738464466,0.0019632339817954665,0.005429575215586075,0.005897354160025502
2020-08-30,0.049222454325408664,0.08247512026583877,0.0048188470462252365,0.004471414883423826,0.004144086707044948,,,0.005964622819234062,0.01524630445932884,0.04184790700186792,0.0014278065322148848,0.00415202810603641,0.005897354160025502
2020-08-31,0.048664301424671465,0.08268325463465764,0.0048188470462252365,0.0035132545512615776,0.004144086707044948,,,0.010557809111867605,0.0035587318214654862,0.040351850097643055,0.0024986614313760487,0.0009581603321622484,0.0057379662097545425
2020-09-01,0.0483327254440355,0.08309884096452878,0.0028556130644297696,0.0047908016608112424,0.003984698756773988,,,0.0,0.002388763809728262,0.03579815185156292,0.0,0.0006387735547748323,0.005419190309212623
2020-09-02,0.04656432021397703,0.08352739304196569,0.001784758165268606,0.0025550942190993293,0.005259802358941664,,,0.010245811192468717,0.008678192378304276,0.058004854985770515,0.002320185614849188,0.002235707441711913,0.00653490596110934
2020-09-03,0.04548117201056622,0.08397471133298462,0.0007139032661074424,0.0035132545512615776,0.0057379662097545425,,,0.012910545674585125,0.008884866218662434,0.10476035848470182,0.0028556130644297696,0.002235707441711913,0.009085113165444693
2020-09-04,0.04482907258198216,0.08447048057543352,0.0010708548991611637,0.00415202810603641,0.005419190309212623,,,0.01391699369245566,0.016740487403752707,0.1294305834803681,0.0030340888809566305,0.00415202810603641,0.010360216767612368
2020-09-05,0.044270919681244955,0.08494065952663421,0.000892379082634303,0.0031938677738741618,0.005578578259483583,,,0.01326348656869749,0.01564758078633133,0.1402231706084166,0.0028556130644297696,0.0038326413286489938,0.010838380618425247
2020-09-06,0.0453927517490633,0.08527776896334413,0.0,0.0031938677738741618,0.004781638508128785,,,0.010510251413165498,0.022891301986723935,0.14375142143074884,0.002320185614849188,0.005748961992973491,0.011316544469238125
2020-09-07,0.04652011008322557,0.08555550892435818,0.001784758165268606,0.005748961992973491,0.004303474657315907,,,0.013411101548253779,0.02109563915169978,0.1470857799278462,0.0030340888809566305,0.005429575215586075,0.011794708320051004
2020-09-08,0.04807299092587066,0.08606697354543931,0.0019632339817954665,0.004471414883423826,0.004303474657315907,,,0.01908513027751674,0.03362338152872369,0.14324985807001037,0.004461895413171516,0.008942829766847652,0.011954096270321964
2020-09-09,0.04763088961835605,0.08646822931221144,0.0014278065322148848,0.005429575215586075,0.003984698756773988,,,0.02850816701015138,0.03393546767819553,0.15559963390471127,0.006603605211493843,0.008942829766847652,0.012591648071405802
2020-09-10,0.05084165036418095,0.08711378705943328,0.0024986614313760487,0.00415202810603641,0.0031877590054191903,,,0.03536980811270342,0.03292781087590315,0.1251922993170293,0.00874531500981617,0.009262216544235069,0.011475932419509085
2020-09-11,0.051012964620842864,0.08762013362226478,0.0,0.0009581603321622484,0.0031877590054191903,,,0.03381221002861467,0.03960700302220336,0.10738434742149877,0.008388363376762449,0.011178537208559566,0.010360216767612368
2020-09-12,0.05240558373951391,0.08817629595205949,0.002320185614849188,0.0006387735547748323,0.003665922856232069,,,0.04061689254657323,0.04736694695955844,0.1270716674668566,0.010351597358557915,0.013733631427658896,0.011954096270321964
2020-09-13,0.0521845330857566,0.08849975723343703,0.0028556130644297696,0.002235707441711913,0.003825310806503028,,,0.051337808004831606,0.056417374895375,0.1206213263161817,0.013028734606460824,0.016288725646758224,0.011475932419509085
2020-09-14,0.052809001182620996,0.08881605323326505,0.0030340888809566305,0.002235707441711913,0.003984698756773988,,,0.053510503214219726,0.0535639538360342,0.12332522264768447,0.013742637872568266,0.01564995209198339,0.011794708320051004
2020-09-15,0.05230058467897919,0.08929612709708172,0.0028556130644297696,0.00415202810603641,0.005259802358941664,,,0.06104765300388113,0.06401856721435102,0.12743204863214783,0.015527396037836873,0.018524433088470137,0.011954096270321964
2020-09-16,0.056307127778330406,0.08994475567925334,0.002320185614849188,0.0038326413286489938,0.004781638508128785,,,0.06256970707733964,0.06663992237670133,0.11240590677223604,0.01713367838657862,0.02076014053018205,0.011794708320051004
2020-09-17,0.057976060214198086,0.09069335699923468,0.0030340888809566305,0.005748961992973491,0.004781638508128785,,,0.06899761228850966,0.07567447094038399,0.11631454845788453,0.019453864001427807,0.02427339508144363,0.012432260121134842
2020-09-18,0.060363407274777015,0.09134710363965594,0.004461895413171516,0.005429575215586075,0.0057379662097545425,,,0.08329196050507802,0.07650692403143232,0.11587424880296204,0.024451186864179904,0.025550942190993294,0.012910423971947721
2020-09-19,0.06404942692618014,0.09213084895961818,0.006603605211493843,0.008942829766847652,0.005897354160025502,,,0.07677959437470862,0.07210398025844135,0.09835476332326673,0.023915759414599322,0.025550942190993294,0.012272872170863883
2020-09-20,0.06624335466472142,0.09258976818266965,0.00874531500981617,0.008942829766847652,0.005897354160025502,,,0.07534472534125324,0.06797305438520497,0.11040187079128443,0.024272711047653044,0.024912168636218462,0.013707363723302519
2020-09-21,0.06621572333300176,0.09290435816308112,0.008388363376762449,0.009262216544235069,0.0057379662097545425,,,0.07925582174805171,0.07323229742573044,0.11236407662977237,0.025522041763341066,0.02682848930054296,0.013866751673573478
2020-09-22,0.0685035975993899,0.09352569043458797,0.010351597358557915,0.011178537208559566,0.005419190309212623,,,0.08250183425541847,0.07499997648070429,0.1086910928066491,0.027485275745136532,0.028425423187480037,0.014026139623844438
2020-09-23,0.06777413044199078,0.09412928010416272,0.013028734606460824,0.013733631427658896,0.00653490596110934,,,0.10017608099335243,0.08262134879112394,0.16039418503293154,0.033018026057469216,0.030980517406579366,0.018329614281160343
2020-09-24,0.06749229085845021,0.09486048002609528,0.013742637872568266,0.016288725646758224,0.009085113165444693,,,0.11146947481616054,0.08211104212187033,0.1928761856472219,0.036587542388006426,0.03066113062919195,0.021039209435766655
2020-09-25,0.06880201598196227,0.09559509198686092,0.015527396037836873,0.01564995209198339,0.010360216767612368,,,0.12214918733192945,0.08893837741637102,0.21190602328179003,0.04087096198465108,0.03385499840306611,0.02311125278928913
2020-09-26,0.06996253191418814,0.09645049012231818,0.01713367838657862,0.018524433088470137,0.010838380618425247,,,0.1227457892527129,0.09818970242125286,0.23979176157950227,0.04176334106728538,0.03800702650910252,0.0259802358941664
2020-09-27,0.07032173922654376,0.09693158759778477,0.019453864001427807,0.02076014053018205,0.011316544469238125,,,0.13151255062506173,0.10261359665954509,0.23651539452504766,0.04497590576476888,0.03992334717342702,0.025820847943895442
2020-09-28,0.07181383113940559,0.09733830262668985,0.024451186864179904,0.02427339508144363,0.011794708320051004,,,0.13797866267552716,0.11093165458345158,0.24099133628593822,0.048188470462252365,0.04407537527946343,0.0267771756455212
2020-09-29,0.07329487051957956,0.09805107753892368,0.023915759414599322,0.025550942190993294,0.011954096270321964,,,0.14620611354584176,0.12995555930712352,0.2932463396452706,0.0521149384258433,0.05269881826892367,0.032196365954733824
2020-09-30,0.07345513224355361,0.09866456212111441,0.024272711047653044,0.025550942190993294,0.012591648071405802,,,0.15787784910557123,0.12731435379706244,0.28566188037275264,0.05639835802248795,0.05174065793676142,0.031558814153649986
2020-10-01,0.07544458812736939,0.09951859544103843,0.025522041763341066,0.024912168636218462,0.011475932419509085,,,0.16003835155427734,0.1323739449318717,0.2717587049990522,0.05871854363733714,0.055253912488023,0.031080650302837104
2020-10-02,0.0783182466262144,0.1004306334211251,0.027485275745136532,0.02682848930054296,0.010360216767612368,,,0.17572136778589978,0.15184089844961812,0.29990171388271025,0.06692843119757273,0.06579367614180773,0.035065349059611096
2020-10-03,0.07862771754147463,0.10130513897404769,0.033018026057469216,0.028425423187480037,0.011954096270321964,,,0.18763188757440394,0.15418003017906629,0.3240386587898811,0.07174727824379797,0.06707122325135739,0.03761555626394644
2020-10-04,0.08343004299435215,0.10208274262411035,0.036587542388006426,0.030980517406579366,0.011475932419509085,,,0.16979351563269413,0.14945683607520735,0.3309331210018911,0.06889166517936819,0.06898754391568189,0.04064392731909468
2020-10-05,0.08448003359969937,0.10255428639084427,0.04087096198465108,0.03066113062919195,0.011794708320051004,,,0.19070703132525113,0.15579921658315599,0.34398495439735116,0.07835088345529181,0.07282018524433088,0.04255658272234619
2020-10-06,0.08751948008886236,0.1034547234388984,0.04176334106728538,0.03385499840306611,0.011954096270321964,,,0.19917973210824297,0.15302689148616988,0.3230519256684817,0.08477601285025879,0.07409773235388055,0.04175964297099139
2020-10-07,0.09321153442311306,0.10441964802089805,0.04497590576476888,0.03800702650910252,0.011794708320051004,,,0.20315911285849275,0.14925602998315926,0.36202195781283975,0.09209352132786007,0.07697221335036729,0.04909148868345553
2020-10-08,0.10180487858792843,0.10580425337936857,0.048188470462252365,0.03992334717342702,0.012432260121134842,,,0.19970890836912694,0.1565038379450606,0.39972896098879296,0.09887560235588078,0.08815075055892686,0.05849537774944214
2020-10-09,0.11198978745979642,0.10734513011639488,0.0521149384258433,0.04407537527946343,0.012910423971947721,,,0.2087455736629326,0.1530955366179463,0.38996704196840853,0.1136890951276102,0.0948578728840626,0.062958240357029
2020-10-10,0.12391547023000321,0.10895595364949967,0.05639835802248795,0.05269881826892367,0.012272872170863883,,,0.19635603891070827,0.14534950772250846,0.40204972120978943,0.11832946635730858,0.09964867454487385,0.07156518967166083
2020-10-11,0.1305690949080982,0.11014436677506714,0.05871854363733714,0.05174065793676142,0.013707363723302519,,,0.20461960833087223,0.15297490973969716,0.378889738396202,0.12993039443155452,0.110507824976046,0.07156518967166083
2020-10-12,0.13656509389126517,0.11098611675519202,0.06692843119757273,0.055253912488023,0.013866751673573478,,,0.21982134428036362,0.15428995674484935,0.38291351197923834,0.145993217918972,0.1165761737464069,0.07554988842843481
2020-10-13,0.1447605468793174,0.11239255916219433,0.07174727824379797,0.06579367614180773,0.014026139623844438,,,0.2304464018175428,0.1674879533794812,0.43538177057378535,0.1622345172229163,0.13414244650271478,0.08973541600255021
2020-10-14,0.15749306453573836,0.11414361749133939,0.06889166517936819,0.06707122325135739,0.018329614281160343,,,0.23115670851306386,0.1708083051760703,0.4485073908327839,0.17704800999464573,0.14883423826253592,0.10025502072043353
2020-10-15,0.17175083170308475,0.11640852886874876,0.07835088345529181,0.06898754391568189,0.021039209435766655,,,0.23205302800804692,0.17108165150842436,0.42810061074749756,0.19382473674817063,0.16256786969019482,0.10487727127829136
2020-10-16,0.18732385026028714,0.11891091814894164,0.08477601285025879,0.07282018524433088,0.02311125278928913,,,0.22569174100752754,0.17812269737399467,0.4477447407287104,0.20560414063894342,0.18460555732992653,0.11906279885240675
2020-10-17,0.20450501232357396,0.12158254455525609,0.09209352132786007,0.07409773235388055,0.0259802358941664,,,0.22647051173815816,0.18489358513921544,0.42228280859950185,0.2252364804568981,0.20919833918875758,0.12336627350972267
2020-10-18,0.21613227671120838,0.12348885065130703,0.09887560235588078,0.07697221335036729,0.025820847943895442,,,0.23177643917956653,0.19177381877980396,0.4164758053101848,0.24361948955916474,0.2293197061641648,0.1287854638189353
2020-10-19,0.22640007957823535,0.12496455744662122,0.1136890951276102,0.08815075055892686,0.0267771756455212,,,0.24233764370704602,0.20653466006035856,0.4029657279491362,0.2668213457076566,0.25870328968380707,0.1310168951227287
2020-10-20,0.24157520695867457,0.12730794571719178,0.11832946635730858,0.0948578728840626,0.032196365954733824,,,0.24838288094846786,0.2143505406397881,0.3863005110205678,0.2918079600214171,0.2864899393165123,0.13468281797896078
2020-10-21,0.25518640096378087,0.1298993892109285,0.12993039443155452,0.09964867454487385,0.031558814153649986,,,0.25081021305628515,0.22169354564269778,0.4169663710678168,0.3112618240228449,0.3129990418396678,0.15221549250876634
2020-10-22,0.280878013196724,0.13375055744184436,0.145993217918972,0.110507824976046,0.031080650302837104,,,0.2430252861200643,0.21826860497812295,0.4173471435835908,0.33196501873996076,0.339188757585436,0.16767612368504942
2020-10-23,0.30247466206881307,0.13758637149801128,0.1622345172229163,0.1165761737464069,0.035065349059611096,,,0.24787665666273487,0.21967003736384852,0.4053679182657931,0.3646260931643762,0.367614180772916,0.1759642970991393
2020-10-24,0.34051747958044587,0.14260684543702928,0.17704800999464573,0.13414244650271478,0.03761555626394644,,,0.2360266095895476,0.21055554646057284,0.3719025563579658,0.39086203819382476,0.3966783775151709,0.18361491871214536
2020-10-25,0.3714037821766858,0.1464201400368978,0.19382473674817063,0.14883423826253592,0.04064392731909468,,,0.23230714658649346,0.20439201785562996,0.3514736960181934,0.4195966446546493,0.41999361226445225,0.1906279885240676
2020-10-26,0.39549830343623243,0.14938349576344198,0.20560414063894342,0.16256786969019482,0.04255658272234619,,,0.2281761075527248,0.19529718751997402,0.326549588292439,0.43887203283955023,0.42733950814436283,0.1904686005737966
2020-10-27,0.42059307890403086,0.15327629086812164,0.2252364804568981,0.18460555732992653,0.04175964297099139,,,0.2232875083087498,0.1958602712946969,0.3376362360698837,0.4567196144922363,0.45576493133184287,0.20847943895441504
2020-10-28,0.46131613559247103,0.15838206577796704,0.24361948955916474,0.20919833918875758,0.04909148868345553,,,0.2104181967303532,0.1875804131170573,0.3151656550824375,0.4720685347135463,0.47876077930373684,0.21549250876633727
2020-10-29,0.4916387590216298,0.1641054197166029,0.2668213457076566,0.2293197061641648,0.05849537774944214,,,0.20229234110424896,0.1859916999872717,0.3016777253313504,0.48366946278779227,0.5059086553816672,0.2212304749760918
2020-10-30,0.5327486543541452,0.1704794494607102,0.2918079600214171,0.25870328968380707,0.062958240357029,,,0.193639854455424,0.1768407277406807,0.2842407128784385,0.5016955202570051,0.5212392206962632,0.2279247688874721
2020-10-31,0.5567602816185329,0.17698245427270856,0.3112618240228449,0.2864899393165123,0.07156518967166083,,,0.18851853261308524,0.17450198463018488,0.28684233578249313,0.5104408352668214,0.5375279463430214,0.24003825310806504
2020-11-01,0.573344606916675,0.18181970172638928,0.33196501873996076,0.3129990418396678,0.07156518967166083,,,0.18741813159679527,0.17197156166344163,0.2838103184001406,0.5225771907906479,0.5455126157777068,0.24497927956646479
2020-11-02,0.5922002276821734,0.18594724510278596,0.3646260931643762,0.339188757585436,0.07554988842843481,,,0.18498308960464813,0.1710775614785012,0.27903472054420075,0.5327503123326789,0.5605237943149154,0.24944214217405164
2020-11-03,0.6139902958763,0.1911854071193555,0.39086203819382476,0.367614180772916,0.08973541600255021,,,0.18523213498433252,0.16641645240222488,0.2635939201491297,0.5530965554167411,0.5653145959757266,0.24657315906917437
2020-11-04,0.6264243951501487,0.1970588907666476,0.4195966446546493,0.3966783775151709,0.10025502072043353,,,0.183137202017098,0.1674444531491968,0.27834517146421633,0.5579154024629662,0.5803257745129352,0.2633088938476251
2020-11-05,0.6441968677122363,0.20387955639400723,0.43887203283955023,0.41999361226445225,0.10487727127829136,,,0.18167374709721287,0.16739510863353416,0.2960889136652301,0.5691593789041585,0.5966145001596934,0.2853044309850175
2020-11-06,0.6598085701338462,0.21121748710846427,0.4567196144922363,0.42733950814436283,0.11906279885240675,,,0.18026746111271888,0.16675906236214968,0.31939903824992827,0.5784401213635553,0.6087511977004152,0.31176283072999683
2020-11-07,0.6837925660665142,0.21920131677402646,0.4720685347135463,0.45576493133184287,0.12336627350972267,,,0.17807718016946017,0.16192306962789965,0.3292859386732321,0.5921827592361235,0.6125838390290642,0.33168632451386676
2020-11-08,0.6939608961393503,0.2246663793729969,0.48366946278779227,0.47876077930373684,0.1287854638189353,,,0.1776361156874705,0.16454162746410247,0.3273076044725113,0.5995002677137248,0.6317470456723092,0.33487408351928594
2020-11-09,0.7009571493307691,0.2292258868656636,0.5016955202570051,0.5059086553816672,0.1310168951227287,,,0.17759087102111418,0.16446409353019573,0.3297802915803807,0.6053899696591112,0.6378153944426701,0.34045266177876954
2020-11-10,0.7008466240038905,0.23445722480456693,0.5104408352668214,0.5212392206962632,0.13468281797896078,,,0.17892797895832127,0.1642429242400212,0.3547171856753572,0.6098518650722827,0.6368572341105079,0.3626075868664329
2020-11-11,0.7078815610597168,0.2407650609953122,0.5225771907906479,0.5375279463430214,0.15221549250876634,,,0.17787560140609526,0.16530182531314355,0.3643145114394995,0.6123505265036587,0.6473969977642926,0.3748804590372968
2020-11-12,0.7182488367209346,0.24822582510776073,0.5327503123326789,0.5455126157777068,0.16767612368504942,,,0.17929356403138272,0.1653270288209591,0.3740159989118702,0.6262716401927538,0.656978601085915,0.38922537456168316
2020-11-13,0.7295003149971816,0.2562584469286362,0.5530965554167411,0.5605237943149154,0.1759642970991393,,,0.17823866962732918,0.16388496609108102,0.36847023065155027,0.6323398179546671,0.6614500159693388,0.3901817022633089
2020-11-14,0.7243166771665728,0.26392222735165394,0.5579154024629662,0.5653145959757266,0.18361491871214536,,,0.18083160064272513,0.16808640759862836,0.38949209735665624,0.6369801891843655,0.6735867135100607,0.40675804909148866
2020-11-15,0.7294561048664301,0.26970460956210235,0.5691593789041585,0.5803257745129352,0.1906279885240676,,,0.18011095406207453,0.17283749815628002,0.40305754503483454,0.638943423166161,0.6975407218141169,0.42221868026777176
2020-11-16,0.715424914619185,0.27339780039504585,0.5784401213635553,0.5966145001596934,0.1904686005737966,,,0.18584913198259212,0.17711484552771153,0.41584793786922325,0.646617883276816,0.7010539763653785,0.42572521517373285
2020-11-17,0.7103794334471745,0.2783176191884875,0.5921827592361235,0.6087511977004152,0.20847943895441504,,,0.18877063072524,0.1787791227099382,0.4253537718516193,0.6521506335891487,0.7026509102523155,0.43130379343321645
2020-11-18,0.7052621108126927,0.284309500583288,0.5995002677137248,0.6125838390290642,0.21549250876633727,,,0.1920136383539871,0.1796670646228805,0.4471389179734774,0.6585757629841157,0.7010539763653785,0.4477207523111253
2020-11-19,0.7093681267062347,0.2920237791810356,0.6053899696591112,0.6317470456723092,0.2212304749760918,,,0.19157476634110743,0.18033606361732574,0.4373513180324698,0.6608959485989648,0.7077610986905142,0.44150462225055787
2020-11-20,0.7099539109386916,0.3000925686135419,0.6098518650722827,0.6378153944426701,0.2279247688874721,,,0.19281239056885646,0.18295187410868613,0.46627485591834134,0.6657147956451901,0.7186202491216863,0.46796302199553713
2020-11-21,0.7127336229096898,0.30792797458986443,0.6123505265036587,0.6368572341105079,0.24003825310806504,,,0.19180295486100546,0.18199536428410024,0.46653963341029,0.6648224165625558,0.7176620887895241,0.4700350653490596
2020-11-22,0.7060689456989069,0.3132988649170414,0.6262716401927538,0.6473969977642926,0.24497927956646479,,,0.19553654795324338,0.18600250393975976,0.4831628674233292,0.6714260217740496,0.7266049185563718,0.4805546700669429
2020-11-23,0.7062899963526642,0.3170057039053173,0.6323398179546671,0.656978601085915,0.24944214217405164,,,0.19651455975792517,0.1865164262033624,0.49027639436987125,0.6749955381045868,0.7288406259980836,0.4870895760280523
2020-11-24,0.7015097759651624,0.3216303813396961,0.6369801891843655,0.6614500159693388,0.24657315906917437,,,0.19942308381344345,0.1903383962288396,0.5077420852061316,0.6803498126003926,0.7387416160970935,0.4993624481989162
2020-11-25,0.7074339334858583,0.32798803329740456,0.638943423166161,0.6735867135100607,0.2633088938476251,,,0.1999837730965684,0.19200853758042385,0.567234392416348,0.6880242727110476,0.7515170871925902,0.5570608861970036
2020-11-26,0.7055494766625773,0.33558596137094354,0.646617883276816,0.6975407218141169,0.2853044309850175,,,0.20343075234638316,0.19718508817328365,0.6147555674531879,0.6980189184365518,0.7697221335036729,0.5981829773669111
2020-11-27,0.7008963604009859,0.34336745713370315,0.6521506335891487,0.7010539763653785,0.31176283072999683,,,0.20865595518795574,0.20038850471085812,0.6576604156355035,0.7112261288595395,0.7770680293835835,0.6324513866751673
2020-11-28,0.6938835284105352,0.3507698753821057,0.6585757629841157,0.7026509102523155,0.33168632451386676,,,0.21489014922734664,0.20108263733355955,0.702074575597448,0.7251472425486346,0.7719578409453849,0.665285304430985
2020-11-29,0.6876388474418913,0.3557552053211428,0.6608959485989648,0.7010539763653785,0.33487408351928594,,,0.21785566622329486,0.2014815756190986,0.7249782698471959,0.728538283062645,0.7665282657297988,0.6793114440548295
2020-11-30,0.6893243586767908,0.3595661114938281,0.6657147956451901,0.7077610986905142,0.34045266177876954,,,0.2205173335661933,0.20400375388739383,0.7299918434938413,0.7392468320542567,0.7780261897157458,0.685368186165126
2020-12-01,0.6896006719939874,0.3642078491223724,0.6648224165625558,0.7186202491216863,0.3626075868664329,,,0.22537824979829152,0.204340571583332,0.7716942499640047,0.7558450829912546,0.7796231236026828,0.7221868026777175
2020-12-02,0.6820683709672072,0.37010044018712984,0.6714260217740496,0.7176620887895241,0.3748804590372968,,,0.23104171129595066,0.2116753474959624,0.7826343442405107,0.7663751561663394,0.7987863302459278,0.7237806821804271
2020-12-03,0.6808415398388541,0.37762262099857413,0.6749955381045868,0.7266049185563718,0.38922537456168316,,,0.2349078034828245,0.2175680439532989,0.8032987019533246,0.7777976084240585,0.8195464707761099,0.740357029008607
2020-12-04,0.6843949290980028,0.38562351085830177,0.6803498126003926,0.7288406259980836,0.3901817022633089,,,0.24006927155711916,0.21736626149534688,0.7253642145657764,0.7990362305907549,0.8230597253273715,0.6764424609499522
2020-12-05,0.6933640593742056,0.3935797030093159,0.6880242727110476,0.7387416160970935,0.40675804909148866,,,0.24035127986105678,0.22138159474686533,0.6317271173905696,0.810458682848474,0.8492494410731396,0.6028052279247689
2020-12-06,0.7108049559556573,0.3996418724040782,0.6980189184365518,0.7515170871925902,0.42221868026777176,,,0.2396168665282545,0.21684295385463184,0.6038228732752952,0.8283062645011601,0.8527626956244011,0.5927637870576984
2020-12-07,0.717232003713651,0.40384959869305265,0.7112261288595395,0.7697221335036729,0.42572521517373285,,,0.23849303824827775,0.20113659628707473,0.6210263437795113,0.8318757808316973,0.798147556691153,0.6138029964934651
2020-12-08,0.7197188235684207,0.4086448780690863,0.7251472425486346,0.7770680293835835,0.43130379343321645,,,0.23991258474669852,0.20060203333943127,0.6397867029283427,0.8397287167588792,0.7987863302459278,0.6330889384762513
2020-12-09,0.7393094377576621,0.4157470369001764,0.728538283062645,0.7719578409453849,0.4477207523111253,,,0.2355408455933624,0.19801929017492864,0.6497766314041955,0.8468677494199536,0.8099648674544874,0.6597067261715014
2020-12-10,0.7483338306973043,0.42382640365306523,0.7392468320542567,0.7665282657297988,0.44150462225055787,,,0.23681984334382153,0.19948839755039516,0.6684615106714923,0.8618597180082099,0.8259342063238582,0.6855275741153969
2020-12-11,0.7838456182234159,0.43401986966694067,0.7558450829912546,0.7780261897157458,0.46796302199553713,,,0.23292645310589044,0.19339653434494417,0.6583641014242929,0.8879171872211316,0.8387096774193549,0.7080012751036021
2020-12-12,0.8121401019043514,0.4437230257005001,0.7663751561663394,0.7796231236026828,0.4700350653490596,,,0.22734197316750085,0.19277167901144437,0.6484267800158421,0.8979118329466357,0.8661769402746726,0.7233025183296142
2020-12-13,0.8255855079191396,0.45061534414335475,0.7777976084240585,0.7987863302459278,0.4805546700669429,,,0.22483971570851893,0.19117053247876795,0.6318470472548933,0.9027306799928609,0.8732034493771957,0.7178833280204017
2020-12-14,0.8478563612851885,0.45619812208206706,0.7990362305907549,0.8195464707761099,0.4870895760280523,,,0.22412795396131313,0.18757882915559831,0.6055883322936543,0.9241477779760843,0.8799105717023316,0.7089576028052279
2020-12-15,0.8499452899631951,0.4611223765259917,0.810458682848474,0.8230597253273715,0.4993624481989162,,,0.22521788437005222,0.19214384465572423,0.6175478588321823,0.930929859004105,0.9035451932290003,0.7236212942301562
2020-12-16,0.8881483691988019,0.47058327780240133,0.8283062645011601,0.8492494410731396,0.5570608861970036,,,0.22164580185821012,0.18680381508886854,0.5731941330553394,0.9573442798500803,0.917917598211434,0.7060886197003506
2020-12-17,0.9060755772185196,0.4797695099527467,0.8318757808316973,0.8527626956244011,0.5981829773669111,,,0.21839451282595904,0.18667566041321043,0.5754894366309941,0.9623416027128324,0.9358032577451294,0.7229837424290724
2020-12-18,0.9276390684925451,0.4912943535192963,0.8397287167588792,0.798147556691153,0.6324513866751673,,,0.21474203838584366,0.1856967436767902,0.6467536125057749,0.9687667321077994,0.9530501437240498,0.8241950908511316
2020-12-19,0.9434552427688805,0.5019740350668879,0.8468677494199536,0.7987863302459278,0.665285304430985,,,0.21335930749133392,0.1820942050846784,0.7343436631114223,0.9789398536498305,0.9504950495049505,0.9432578897035384
2020-12-20,0.9576632735391315,0.5097435886937316,0.8618597180082099,0.8099648674544874,0.6793114440548295,,,0.21019387796123049,0.18222577885456268,0.7412692611492551,0.9789398536498305,0.965506228042159,0.9658909786420147
2020-12-21,0.9592161543817765,0.515422244923654,0.8879171872211316,0.8259342063238582,0.685368186165126,,,0.2096240365604717,0.18211131901934363,0.7467839738730107,0.9778689987506692,0.9664643883743212,0.9741791520561046
2020-12-22,0.9873780076704577,0.5220852743569245,0.8979118329466357,0.8387096774193549,0.7221868026777175,,,0.20226994252245384,0.17791108287816962,0.7172559929936162,0.9712653935391754,0.9718939635899074,0.9657315906917437
2020-12-23,0.9708655238347867,0.5305266584300049,0.9027306799928609,0.8661769402746726,0.7237806821804271,,,0.2105108098483063,0.1835532382372696,0.7356438490077238,0.9939318222380867,0.9859469817949537,0.972266496652853
2020-12-24,1.0,0.5415117174531586,0.9241477779760843,0.8732034493771957,0.740357029008607,,,0.20562545951698524,0.18074553103085553,0.7345082770492097,1.0,1.0,1.0
2020-12-25,0.9544414602606187,0.5502236762057037,0.930929859004105,0.8799105717023316,0.6764424609499522,,,0.21490230637714924,0.18749811148062787,0.7622154005552932,0.997501338568624,0.9900990099009901,0.988045903729678
2020-12-26,0.8613515036970721,0.5551557783389445,0.9573442798500803,0.9035451932290003,0.6028052279247689,,,0.2351026602333465,0.20374064084574944,0.8352594924403871,0.9848295555952169,0.9709358032577451,0.9716289448517692
2020-12-27,0.8115266863401749,0.5598490377538685,0.9623416027128324,0.917917598211434,0.5927637870576984,0.0,0.0,0.24451743262050857,0.21489802291308652,0.8883697669777452,0.9650187399607353,0.9648674544873842,0.9701944532993305
2020-12-28,0.7802093349691082,0.5635940915770751,0.9687667321077994,0.9358032577451294,0.6138029964934651,0.0017744339185183703,0.0,0.2508044638695918,0.22145223874747122,0.9036264732115765,0.9516330537212208,0.9559246247205365,0.9478801402613962
2020-12-29,0.7435370315107707,0.5679928920407029,0.9789398536498305,0.9530501437240498,0.6330889384762513,,,0.26287835124380154,0.23229693864333043,0.9673127462301608,0.9505621988220596,0.9556052379431491,0.9635001593879503
2020-12-30,0.7309316179802602,0.575655990055954,0.9789398536498305,0.9504950495049505,0.6597067261715014,0.009575122429502444,0.0,0.26409808913150457,0.23480246995083084,1.0,0.9387827949312868,0.9495368891727882,0.9775262990117947
2020-12-31,0.7329044950650442,0.5867628588654493,0.9778689987506692,0.965506228042159,0.6855275741153969,0.012528655333002157,0.0,0.2586802546894946,0.23078348939112028,0.9576335934184559,0.9220060681777619,0.9358032577451294,0.9407076824992031
2021-01-01,0.7184864661737237,0.5945846166864395,0.9712653935391754,0.9664643883743212,0.7080012751036021,0.014527720962523392,0.0,0.2623899743981032,0.23509328815941008,0.9335609531035182,0.916830269498483,0.9345257106355797,0.9002231431303793
2021-01-02,0.7087326060766824,0.5989144939656387,0.9939318222380867,0.9718939635899074,0.7233025183296142,0.018899948409525708,0.0,0.26289420517699075,0.2356408174540836,0.9292559484253998,0.9061217205068713,0.9239859469817949,0.8841249601530125
2021-01-03,0.6897222498535539,0.6024340120219777,1.0,0.9859469817949537,0.7178833280204017,0.021264323316545406,0.0,0.2675329609552419,0.2397921107696057,0.9388555925998764,0.8973764054970551,0.9150431172149474,0.8688237169270003
2021-01-04,0.6834830951512539,0.6057938466609276,0.997501338568624,1.0,0.7089576028052279,0.025699190125252624,0.0,0.26669977290476626,0.2413898180932361,0.9484551138505335,0.8864893806889167,0.9128074097732354,0.8693018807778132
2021-01-05,0.6779844601390409,0.6098531492606624,0.9848295555952169,0.9900990099009901,0.7236212942301562,0.03008124847207807,0.0,0.26626454827347557,0.23730218087132382,0.9406623139501663,0.8779225414956273,0.8901309485787289,0.8555945170545107
2021-01-06,0.6712313626667551,0.6170992961305091,0.9650187399607353,0.9709358032577451,0.7060886197003506,0.03440762738627694,0.0,0.26566290794241154,0.23710953906422783,0.9196340976615937,0.8672139925040157,0.8805493452571064,0.8291361173095314
2021-01-07,0.6371840357217856,0.6261040078149337,0.9516330537212208,0.9648674544873842,0.7229837424290724,0.03961878728455757,0.0,0.2778424988239775,0.2528596023848645,0.9574025753975439,0.8609673389255755,0.8914084956882785,0.8176601848900223
2021-01-08,0.6865059628413851,0.6369710102944623,0.9505621988220596,0.9559246247205365,0.8241950908511316,0.044483690711191654,0.0,0.2594312217483699,0.23435658202000784,0.8811967144706891,0.8661431376048545,0.8901309485787289,0.8144724258846031
2021-01-09,0.7528432640339534,0.6453966989889105,0.9387827949312868,0.9556052379431491,0.9432578897035384,,,0.23418263758552546,0.20711164385218014,0.7847673684726569,0.8573978225950384,0.862663685723411,0.8009244501115715
2021-01-10,0.7895984614874498,0.6511855640731419,0.9220060681777619,0.9495368891727882,0.9658909786420147,0.05148442237373601,0.0,0.21775070267175994,0.19330347342197934,0.753738805130841,0.8361592004283419,0.8444586394123283,0.8088938476251195
2021-01-11,0.8041325419719929,0.6554427649251962,0.916830269498483,0.9358032577451294,0.9741791520561046,0.05804720049902692,0.0,0.21139620005416362,0.187297052051789,0.7326166060402942,0.8266999821524184,0.8332801022037688,0.8021995537137392
2021-01-12,0.8091338130132519,0.6598108570393262,0.9061217205068713,0.9345257106355797,0.9657315906917437,0.06407719605337221,0.0,0.20909172155769437,0.18107386342457119,0.7212534692824184,0.8227735141888274,0.8106036410092622,0.795505259802359
2021-01-13,0.8000873150082342,0.666498453152195,0.8973764054970551,0.9239859469817949,0.972266496652853,0.07141661526469045,0.0,0.20691487144120532,0.1838427633052544,0.7289041028746029,0.8051044083526682,0.8137975087831364,0.7943895441504623
2021-01-14,0.7933065862042287,0.6750845076717987,0.8864893806889167,0.9150431172149474,1.0,0.0817892585674552,0.0,0.20738815229539162,0.1855596826017841,0.7110755496422058,0.8001070854899162,0.8144362823379112,0.7696844118584635
2021-01-15,0.7409120549974026,0.6827165561336687,0.8779225414956273,0.9128074097732354,0.988045903729678,0.08931276790289507,0.0,0.22145947815061928,0.1923707018036416,0.7677768885055135,0.7979653756915938,0.7885659533695305,0.7722346190627989
2021-01-16,0.7076660366723034,0.689089562266126,0.8672139925040157,0.8901309485787289,0.9716289448517692,,,0.2293743494781631,0.19806367366973895,0.787699737325555,0.7893985364983045,0.7754710954966464,0.7554988842843481
2021-01-17,0.6906230312676149,0.6938261545742305,0.8609673389255755,0.8805493452571064,0.9701944532993305,0.09724160610803376,0.0013890985001915525,0.2316338763298592,0.201781203909861,0.7779205846389753,0.7779760842405854,0.7709996806132227,0.7287217086388269
2021-01-18,0.66113487405639,0.6962626915049446,0.8661431376048545,0.8914084956882785,0.9478801402613962,0.10213495824477549,0.005222258926187388,0.23830166984033735,0.20397045873618747,0.8117312159262172,0.7661966803498126,0.7460875119770042,0.7260121134842206
2021-01-19,0.6532157343855345,0.7001418384542918,0.8573978225950384,0.8901309485787289,0.9635001593879503,0.10728678474766343,0.0090066605383944,0.23759500776417838,0.20494088712986905,0.7492407904823626,0.7547742280920935,0.7406579367614181,0.665444692381256
2021-01-20,0.6331774926224344,0.70559222928628,0.8361592004283419,0.862663685723411,0.9775262990117947,0.1133185202842783,0.01638000635342119,0.24424479977282285,0.20686810094197475,0.7425201225318815,0.7520970908441906,0.7246885978920473,0.6396238444373605
2021-01-21,0.6068393072272511,0.7125521060980299,0.8266999821524184,0.8444586394123283,0.9407076824992031,0.11874491598930607,0.024310806831721935,0.25502699903984194,0.21689305381173893,0.7522198405019167,0.7526325182937712,0.7282018524433088,0.6204972904048454
2021-01-22,0.5819379510814904,0.7186466898617067,0.8227735141888274,0.8332801022037688,0.9002231431303793,0.1259561855064697,0.03449506660010702,0.26385860290995594,0.22756278144254954,0.7222056758338724,0.7467428163483848,0.7326732673267327,0.5728402932738285
2021-01-23,0.5694430628778585,0.724248234014001,0.8051044083526682,0.8106036410092622,0.8841249601530125,,,0.2660392074442085,0.2282982487228505,0.7088062646123288,0.7367481706228806,0.7192590226764612,0.5508447561364361
2021-01-24,0.5604628800689678,0.7284303700117272,0.8001070854899162,0.8137975087831364,0.8688237169270003,0.1333512841504145,0.048286634280401176,0.2674862548031404,0.22938122265919408,0.7180941458088079,0.7290737105122256,0.7112743532417758,0.5487727127829136
2021-01-25,0.5581860583352676,0.7307263309425177,0.7979653756915938,0.8144362823379112,0.8693018807778132,0.14066529962059687,0.059790548177824025,0.2659474339382839,0.22700741329398264,0.7117993327532421,0.7219346778511512,0.7010539763653785,0.5420784188715333
2021-01-26,0.530792356068393,0.7329141302422991,0.7893985364983045,0.7885659533695305,0.8555945170545107,0.1436049996650534,0.06726478885428397,0.27199815550384515,0.23382896126846334,0.7623472002557189,0.7021238622166697,0.6866815713829447,0.5495696525342684
2021-01-27,0.5154735457630116,0.737418703909753,0.7779760842405854,0.7754710954966464,0.8291361173095314,0.1493487681360527,0.0772713216910232,0.27217872748488203,0.23809012255449932,0.7249987462046098,0.6823130465821882,0.6790162887256468,0.5092445011157156
2021-01-28,0.4997292129491473,0.7434064908579537,0.7661966803498126,0.7709996806132227,0.8176601848900223,0.15467702884107612,0.08794443605999233,0.2778898300115463,0.24605339737775692,0.7163610791914362,0.6753524897376405,0.6802938358351964,0.48820529167994897
2021-01-29,0.4785083501884457,0.7481908517097214,0.7547742280920935,0.7460875119770042,0.8144724258846031,0.1595468912171785,0.09745451551997264,0.2921310469876684,0.24864113032313748,0.7378736099556036,0.679814385150812,0.6582561481954647,0.4805546700669429
2021-01-30,0.4558727632436973,0.7523948247559795,0.7520970908441906,0.7406579367614181,0.8009244501115715,,,0.298183491657069,0.25680815201233753,0.76033147165381,0.6610744244154917,0.64771638454168,0.4708320051004144
2021-01-31,0.44998728958740897,0.756213578617981,0.7526325182937712,0.7246885978920473,0.8088938476251195,0.1664980333850398,0.11241165103464726,0.2929492190239366,0.25516378565271985,0.750613802201766,0.6410851329644833,0.6352603002235707,0.45919668473063435
2021-02-01,0.4437923450158604,0.7581270499955814,0.7467428163483848,0.7282018524433088,0.8021995537137392,0.17040037862014187,0.1280786388903254,0.2918287768757765,0.2541729052554736,0.7465615901144752,0.6298411565232911,0.6240817630150112,0.45058973541600256
2021-02-02,0.4421455176453684,0.7602131705381365,0.7367481706228806,0.7326732673267327,0.795505259802359,0.1750417813242483,0.1434583507911698,0.2827894285591393,0.24402177129225852,0.7174813076955759,0.6080671069070142,0.5969338869370808,0.4325788970353841
2021-02-03,0.42282016424063573,0.7635245542256566,0.7290737105122256,0.7192590226764612,0.7943895441504623,0.18009886579255757,0.15964458835213152,0.29015960367205074,0.2534000999036972,0.7117333835259296,0.5966446546492951,0.5927818588310444,0.4105833598979917
2021-02-04,0.4043734871845884,0.7683734026113698,0.7219346778511512,0.7112743532417758,0.7696844118584635,0.18543286843907061,0.1761223234102463,0.2981322543087357,0.26667278659356697,0.7003760600719483,0.5862930572907371,0.5966145001596934,0.38683455530761873
2021-02-05,0.3982172264774473,0.7727776623371306,0.7021238622166697,0.7010539763653785,0.7722346190627989,0.19063985237990425,0.19065983761837468,0.30384715008131524,0.26630150050754087,0.6761067700221275,0.5884347670890594,0.5867135100606835,0.36866432897672935
2021-02-06,0.38807100146998685,0.7763551850536321,0.6823130465821882,0.6866815713829447,0.7554988842843481,,,0.30252363639314395,0.26344615854971637,0.6560459987437071,0.570944137069427,0.565633982753114,0.34937838699394325
2021-02-07,0.37383533936801616,0.779294997712228,0.6753524897376405,0.6790162887256468,0.7287217086388269,0.19780596935717226,0.20725957524951955,0.3040304729172994,0.2666837076245702,0.6870512669961054,0.5527396037836874,0.5515809645480677,0.3512910423971948
2021-02-08,0.3679056555809764,0.7808423573230372,0.679814385150812,0.6802938358351964,0.7260121134842206,0.20211947240257622,0.21627615641236447,0.3014492858561029,0.2640779575738556,0.6982880262484955,0.5393539175441727,0.5375279463430214,0.35097226649665286
2021-02-09,0.3527913171303204,0.7819952852447404,0.6610744244154917,0.6582561481954647,0.665444692381256,0.2073702168974898,0.2331355188961511,0.30812251195511076,0.2742462052748676,0.7101852003819695,0.5286453685525612,0.5352922389013095,0.34188715333120817
2021-02-10,0.3437669241906783,0.7847494829908158,0.6410851329644833,0.64771638454168,0.6396238444373605,0.21478837030650658,0.24880187352048133,0.31236797111489545,0.27892667164651563,0.7287456723813478,0.5222202391575942,0.5305014372404983,0.34124960153012435
2021-02-11,0.3218055417398897,0.7882423871442565,0.6298411565232911,0.6352603002235707,0.6204972904048454,0.22055414955321606,0.2645442159065604,0.33094829861279756,0.3056754584156588,0.7719228831919471,0.5179368195609495,0.5442350686681572,0.3371055148230794
2021-02-12,0.3049614819235828,0.7916066574336896,0.6080671069070142,0.6240817630150112,0.5728402932738285,0.2274249915393362,0.2810645885421009,0.34934803904667644,0.32123388745797776,0.7639865478401641,0.5181152953774764,0.5419993612264452,0.31638508128785464
2021-02-13,0.29318500834466216,0.7944570746748583,0.5966446546492951,0.5969338869370808,0.5508447561364361,,,0.3608769522576386,0.32941144338910994,0.7672607520777747,0.5145457790469391,0.5343340785691473,0.3053873127191584
2021-02-14,0.2793582899521425,0.7965431952174135,0.5862930572907371,0.5927818588310444,0.5487727127829136,0.23616283450071643,0.297669180946913,0.36783472943801765,0.33910291099373535,0.7804428236237946,0.4997322862752097,0.52411370169275,0.2956646477526299
2021-02-15,0.2787559269206539,0.7980533636049418,0.5884347670890594,0.5966145001596934,0.5420784188715333,0.24291596668629947,0.31045686586365895,0.36152029783766565,0.3344513220333419,0.7705435893877246,0.49009459218275925,0.5158096454806771,0.29152056104558494
2021-02-16,0.2813919559667098,0.7993690457789838,0.570944137069427,0.5867135100606835,0.5495696525342684,0.2500787776972553,0.32209164757298253,0.3514822149890597,0.32598432644724645,0.7169221859019114,0.48099232553988935,0.5075055892686042,0.2751036021676761
2021-02-17,0.27854040253324047,0.8019471823212715,0.5527396037836874,0.565633982753114,0.5092445011157156,0.2584070288323762,0.3336343996597437,0.35231364808581384,0.3295288372221354,0.6716619339843455,0.4772443333928253,0.5078249760459917,0.2562958240357029
2021-02-18,0.2783746145429225,0.8054298503582129,0.5393539175441727,0.5515809645480677,0.48820529167994897,0.2665259601004666,0.3450659141063892,0.35423730985998475,0.3268218506848531,0.6549712155281998,0.47956451900767444,0.5033535611625679,0.25023908192540645
2021-02-19,0.27424649358400477,0.8085392413468137,0.5286453685525612,0.5375279463430214,0.4805546700669429,0.27471918861146805,0.356794414055203,0.3633164096170399,0.32647897233404993,0.6601312068381178,0.48456184187042656,0.49536889172788245,0.24832642652215492
2021-02-20,0.27872276932259027,0.8116660337334631,0.5222202391575942,0.5352922389013095,0.4708320051004144,,,0.35537485829077226,0.3230997711616512,0.6212364867373475,0.4817062288059968,0.4982433727243692,0.2386037615556264
2021-02-21,0.2873547973518132,0.8142851147417479,0.5179368195609495,0.5305014372404983,0.45919668473063435,0.28629537765010177,0.37075231050288066,0.3401018370557379,0.30515734121642035,0.5896507039004287,0.4752810994110298,0.48514851485148514,0.23445967484858143
2021-02-22,0.287039800170209,0.8157758345079277,0.5181152953774764,0.5442350686681572,0.45058973541600256,0.2951152607754927,0.3813331841721714,0.3388129631334883,0.3030788521378512,0.5960360148196862,0.4729609137961806,0.48131587352283617,0.23653171820210392
2021-02-23,0.28718900936149516,0.817100729186819,0.5145457790469391,0.5419993612264452,0.4325788970353841,0.30421223607731435,0.3915328525700222,0.33237534412483927,0.30091129190064486,0.5882743715707486,0.4642155987863644,0.478122005748962,0.2338221230474976
2021-02-24,0.2896813554826088,0.8198327486804793,0.4997322862752097,0.5343340785691473,0.4105833598979917,0.31421609013804147,0.4033394510517445,0.3277420365981904,0.2995180068740793,0.5606793124144839,0.4617169373549884,0.4800383264132865,0.22569333758367868
2021-02-25,0.298866010146225,0.8238824975714814,0.49009459218275925,0.52411370169275,0.38683455530761873,0.32523226588321064,0.4160420718907549,0.3212310203666744,0.2928243419343504,0.5023868975544733,0.46689273603426734,0.4841903545193229,0.21071087025820848
2021-02-26,0.30375122959426154,0.8272935127929278,0.48099232553988935,0.5158096454806771,0.36866432897672935,0.3358099660964455,0.42828538892541695,0.3256094406445544,0.2824133778214018,0.48272739616917876,0.48099232553988935,0.4746087511977004,0.20656678355116354
2021-02-27,0.3070559368679333,0.8306243451017965,0.4772443333928253,0.5075055892686042,0.34937838699394325,,,0.3121849317841847,0.2788098756282693,0.4638959705547422,0.4661788327681599,0.4736505908655382,0.20146636914249283
2021-02-28,0.3082385578655349,0.8333164437411095,0.47956451900767444,0.5078249760459917,0.3512910423971948,0.3530024699048317,0.44226038261948813,0.3046769399996832,0.2747436415241849,0.4737157313144751,0.4567196144922363,0.4685404024273395,0.20608861970035067
2021-03-01,0.31024459254838244,0.8349310205169307,0.48456184187042656,0.5033535611625679,0.35097226649665286,0.3665608467449717,0.455802457148707,0.30530930966961795,0.27296715520652765,0.4715265216847594,0.4606460824558272,0.4685404024273395,0.20656678355116354
2021-03-02,0.3105761685290184,0.8362763874288206,0.4817062288059968,0.49536889172788245,0.34188715333120817,0.37996932411258727,0.4676421947376364,0.30451069745777387,0.26933001670419054,0.4758134570977072,0.4599321791897198,0.46279144043436604,0.20847943895441504
2021-03-03,0.31616875006907835,0.8393537052523902,0.4752810994110298,0.4982433727243692,0.34124960153012435,0.3932205940821463,0.479521614824368,0.2951777929710636,0.26657438377114706,0.4660727471084162,0.45386400142780653,0.4663046949856276,0.20832005100414408
2021-03-04,0.31640637952186745,0.8434181259103746,0.4729609137961806,0.48514851485148514,0.3371055148230794,0.41016671640115987,0.4952688119841143,0.30156739187054893,0.2775035116033763,0.46607975227245735,0.46403712296983757,0.48578728840625995,0.20847943895441504
2021-03-05,0.3196281928003802,0.8470280629957906,0.4642155987863644,0.48131587352283617,0.31638508128785464,0.4257999350986613,0.508744397221803,0.3051870917660956,0.2734420468873703,0.44397898739518044,0.4743887203283955,0.4835515809645481,0.20162575709276379
2021-03-06,0.318495308199874,0.8502889485085807,0.4617169373549884,0.478122005748962,0.3053873127191584,,,0.3082314935262894,0.2682521285914962,0.42605378936944316,0.47742280920935215,0.4726924305333759,0.19365635957921581
2021-03-07,0.3196724029311317,0.8530537235750387,0.46689273603426734,0.4800383264132865,0.2956646477526299,0.4479278986147131,0.5244016755301466,0.3074409337239348,0.2697925496157536,0.42076058000499555,0.4779582366589327,0.47716384541679974,0.19222186802677718
2021-03-08,0.3212142312410889,0.8547634962343034,0.48099232553988935,0.4841903545193229,0.29152056104558494,0.46360452986984063,0.5375484026211557,0.30996401582438704,0.2697555660052039,0.41575583859868653,0.48420489023737284,0.47939955285851166,0.19110615237488046
2021-03-09,0.3229218475413641,0.8562142951461359,0.4661788327681599,0.4746087511977004,0.2751036021676761,0.48144039212240425,0.5500285481799349,0.31468916534806657,0.26832909391882254,0.386090600129175,0.494199535962877,0.47939955285851166,0.17994899585591329
2021-03-10,0.32362368336704356,0.8593349458628858,0.4567196144922363,0.4736505908655382,0.2562958240357029,0.49894043779693886,0.5645662734651792,0.31423350714317805,0.2772012717246869,0.2890202101205729,0.49455648759593074,0.49632705206004474,0.14042078418871534
2021-03-11,0.3371298783116151,0.864233268811679,0.4606460824558272,0.4685404024273395,0.25023908192540645,0.5182524140079012,0.5779508844658852,0.3127480752202418,0.2700343111005335,0.3579359719987019,0.5127610208816705,0.5036729479399553,0.17580490914886834
2021-03-12,0.34958608265083946,0.8686122794500749,0.4599321791897198,0.4685404024273395,0.24832642652215492,0.5299914653869677,0.5804168984117503,0.3108426022980279,0.26520145763838116,0.3608947991232368,0.5284668927360343,0.5129351644841904,0.18361491871214536
2021-03-13,0.3668114548448777,0.8729366974671412,0.45386400142780653,0.46279144043436604,0.2386037615556264,,,0.2990468891293413,0.25746897874148195,0.32883291056216246,0.5334642155987863,0.5225167678058128,0.17771756455211987
2021-03-14,0.3816605325110249,0.8766182873680521,0.46403712296983757,0.4663046949856276,0.23445967484858143,0.5642408413858263,0.6104246766034737,0.29106596971230647,0.2519893844336744,0.30676895546659816,0.5402462966268071,0.5320983711274353,0.17421102964615875
2021-03-15,0.3904638747969097,0.878871597813429,0.4743887203283955,0.48578728840625995,0.23653171820210392,0.5820787916171134,0.6230346345885738,0.2892030706919336,0.2550308627915452,0.3009189935408347,0.5491700874531501,0.5509421909932929,0.17532674529805548
2021-03-16,0.3972501298672591,0.8807413950939659,0.47742280920935215,0.4835515809645481,0.2338221230474976,0.5927815095564176,0.6371890438312185,0.2914684685528866,0.2524179707734505,0.2664656173993109,0.5630912011422452,0.5547748323219419,0.16098182977366912
2021-03-17,0.4209522862163865,0.8853254692662308,0.4779582366589327,0.4726924305333759,0.22569333758367868,0.6045825043042812,0.6537256694046887,0.27985200529952564,0.24382789230851254,0.33730337926963244,0.5729073710512226,0.5678696901948259,0.20847943895441504
2021-03-18,0.43834897266708667,0.8912979020396827,0.48420489023737284,0.47716384541679974,0.21071087025820848,0.6153890991850793,0.6696533374985885,0.2747735008224685,0.2463986334745011,0.28063160050613767,0.5857576298411565,0.5975726604918556,0.1855275741153969
2021-03-19,0.4640350586336859,0.8972628283277018,0.494199535962877,0.47939955285851166,0.20656678355116354,0.6274693610872105,0.6851573738207385,0.2691332890999554,0.23475000335921553,,0.6073532036409066,0.6026828489300543,
2021-03-20,0.4825977872829559,0.9027333501888052,0.49455648759593074,0.47939955285851166,0.20146636914249283,,,0.2605303336484924,0.23134261687714397,,0.6114581474210244,0.6176940274672629,
2021-03-21,0.4988615891331499,0.9074191031182964,0.5127610208816705,0.49632705206004474,0.20608861970035067,0.6526300267000279,0.7061025560383358,0.25792183460208395,0.22935493265128815,,0.6257362127431733,0.6330245927818589,
2021-03-22,0.5049681134431955,0.9100494438547304,0.5284668927360343,0.5036729479399553,0.20656678355116354,0.6678821022813778,0.7211686073448504,0.2583639485860794,0.235612613732488,,0.6344815277529895,0.6582561481954647,
2021-03-23,0.5160482774627806,0.9126033549213031,0.5334642155987863,0.5129351644841904,0.20847943895441504,0.6886827203230799,0.7423552617831162,0.26142157890466716,0.2327910332425082,,0.6560771015527396,0.664643883743213,
2021-03-24,0.5291897388286526,0.9179988119280783,0.5402462966268071,0.5225167678058128,0.20832005100414408,0.707188823745886,0.7606457271131721,0.2595760838051584,0.23257353090942556,,0.6680349812600392,0.6809326093899712,
2021-03-25,0.5576665892989379,0.9257294683122248,0.5491700874531501,0.5320983711274353,0.20847943895441504,0.7258015010827039,0.7774084162778451,0.2552051546875733,0.22970326944794087,,0.6921292164911654,0.7087192590226764,
2021-03-26,0.5802745449119666,0.9330902596868635,0.5630912011422452,0.5509421909932929,0.20162575709276379,0.746519643964828,0.7953554591402195,0.2510174090796129,0.22920994427231273,,0.7083705157951098,0.7358671351006069,
2021-03-27,0.6048056412126839,0.9400753855859785,0.5729073710512226,0.5547748323219419,0.19365635957921581,,,0.2535180383147404,0.22783533837138226,,0.7456719614492237,0.7623762376237624,
2021-03-28,0.6238325762348442,0.9459359034857048,0.5857576298411565,0.5678696901948259,0.19222186802677718,0.7812832717234611,0.8185389030955514,0.2508449774136438,0.2258833553226528,,0.7610208816705336,0.7796231236026828,
2021-03-29,0.6357858903367707,0.9493042682217375,0.6073532036409066,0.5975726604918556,0.19110615237488046,0.7999499755097496,0.8361112840770811,0.24832233527511163,,,0.7678029626985543,,
2021-03-30,0.6471921040706478,0.9525624241034613,0.6114581474210244,0.6026828489300543,0.17994899585591329,0.8184090124121636,0.8568652304276105,,,,,,
2021-03-31,0.5598052543740398,0.9525624241034613,0.6257362127431733,0.6176940274672629,0.14042078418871534,0.8356835563845605,0.8764795714290238,,,,,,
2021-04-01,0.6631132774075179,0.966671545882198,0.6344815277529895,0.6330245927818589,0.17580490914886834,,,,,,,,
2021-04-02,0.6648540513058567,0.9741398164800793,0.6560771015527396,0.6582561481954647,0.18361491871214536,0.8721949963329874,0.9148441037190732,,,,,,
2021-04-03,0.6519060092620224,0.9803255016805997,0.6680349812600392,0.664643883743213,0.17771756455211987,,,,,,,,
2021-04-04,0.6243852028692375,0.9844868242414441,0.6921292164911654,0.6809326093899712,0.17421102964615875,,,,,,,,
2021-04-05,0.61678658664633,0.987386033637926,0.7083705157951098,0.7087192590226764,0.17532674529805548,0.9157268297436049,0.9571872285680212,,,,,,
2021-04-06,0.6020646131060933,0.9897352223745128,0.7456719614492237,0.7358671351006069,0.16098182977366912,0.9377696211275607,0.978101593526687,,,,,,
2021-04-07,0.6555422925163301,0.9930370523533002,0.7610208816705336,0.7623762376237624,0.20847943895441504,1.0,1.0,,,,,,
2021-04-08,0.5398001702090034,1.0,0.7678029626985543,0.7796231236026828,0.1855275741153969,,,,,,,,
