Datum,CoV-Infektionen pro Woche,Cases,Intensiv-CoV-Patienten,Beatmete CoV-Patienten,Todesfälle mit CoV pro Woche,Personen mit Erstimpfung,Personen mit Vollschutz,Verhältnis Intensivpatienten/Infektionen (mit deltaT),Verhältnis beatmete Patienten/Infektionen (mit deltaT),Verhältnis Todesfälle/Infektionen (mit deltaT)
2020-01-02,0,1,,,0,,,,,
2020-01-03,0,1,,,0,,,,,
2020-01-04,0,1,,,0,,,,,
2020-01-05,0,1,,,0,,,,,
2020-01-06,0,1,,,0,,,,,
2020-01-07,0,1,,,0,,,,,
2020-01-08,0,1,,,0,,,,,
2020-01-09,0,1,,,0,,,,,
2020-01-10,0,1,,,0,,,,,
2020-01-11,0,1,,,0,,,,,
2020-01-12,0,1,,,0,,,,,
2020-01-13,0,1,,,0,,,,,
2020-01-14,0,1,,,0,,,,,
2020-01-15,0,1,,,0,,,,,
2020-01-16,0,1,,,0,,,,,
2020-01-17,0,1,,,0,,,,,
2020-01-18,0,1,,,0,,,,,
2020-01-19,0,1,,,0,,,,,
2020-01-20,0,1,,,0,,,,,
2020-01-21,0,1,,,0,,,,,
2020-01-22,0,1,,,0,,,,,
2020-01-23,2,3,,,0,,,,,
2020-01-24,2,3,,,0,,,,,
2020-01-25,2,3,,,0,,,,,
2020-01-26,2,3,,,0,,,,,
2020-01-27,2,3,,,0,,,,,
2020-01-28,4,5,,,0,,,,,
2020-01-29,6,7,,,0,,,,,
2020-01-30,4,7,,,0,,,,,
2020-01-31,8,11,,,0,,,,,
2020-02-01,9,12,,,0,,,,,
2020-02-02,9,12,,,0,,,,,
2020-02-03,10,13,,,0,,,,,
2020-02-04,12,17,,,0,,,,,
2020-02-05,10,17,,,0,,,,,
2020-02-06,11,18,,,0,,,,,
2020-02-07,8,19,,,0,,,,,
2020-02-08,7,19,,,0,,,,,
2020-02-09,7,19,,,0,,,,,
2020-02-10,6,19,,,0,,,,,
2020-02-11,4,21,,,0,,,,,
2020-02-12,4,21,,,0,,,,,
2020-02-13,3,21,,,0,,,,,
2020-02-14,2,21,,,0,,,,,
2020-02-15,2,21,,,0,,,,,
2020-02-16,2,21,,,0,,,,,
2020-02-17,3,22,,,0,,,,,
2020-02-18,2,23,,,0,,,,,
2020-02-19,2,23,,,0,,,,,
2020-02-20,4,25,,,1,,,,,
2020-02-21,4,25,,,1,,,,,
2020-02-22,4,25,,,1,,,,,
2020-02-23,4,25,,,1,,,,,
2020-02-24,4,26,,,1,,,,,
2020-02-25,6,29,,,1,,,,,
2020-02-26,13,36,,,1,,,,,
2020-02-27,34,59,,,0,,,,,
2020-02-28,81,106,,,0,,,,,
2020-02-29,104,129,,,0,,,,,
2020-03-01,139,164,,,0,,,,,
2020-03-02,179,205,,,0,,,,,
2020-03-03,260,289,,,0,,,,,
2020-03-04,410,446,,,2,,,,,
2020-03-05,573,632,,,3,,,,,
2020-03-06,712,818,,,7,,,,,
2020-03-07,831,960,,,11,,,,,
2020-03-08,898,1062,,,12,,,,,
2020-03-09,1202,1407,,,19,,,,,
2020-03-10,1714,2003,,,23,,,,,
2020-03-11,2312,2758,,,31,,,,,
2020-03-12,3117,3749,,,42,,,,,
2020-03-13,4391,5209,,,54,,,,,
2020-03-14,5553,6513,,,70,,,,,
2020-03-15,6431,7493,,,84,,,,,
2020-03-16,8123,9530,,,112,,,,,
2020-03-17,10554,12557,,,152,,,,,
2020-03-18,13401,16159,,,205,,,,,
2020-03-19,16469,20218,,,257,,,,,
2020-03-20,19058,24267,,,337,,,,,
2020-03-21,21109,27622,,,412,,,,,
2020-03-22,22393,29886,,,476,,,,,
2020-03-23,24086,33616,,,572,,,,,
2020-03-24,25941,38498,,,697,,,,,
2020-03-25,28015,44174,,,852,,,,,
2020-03-26,29860,50078,,,1055,,,,,
2020-03-27,31789,56056,,,1223,,,,,
2020-03-28,33157,60779,,,1376,,,,,
2020-03-29,33969,63855,,,1463,,,,,
2020-03-30,34358,67974,,,1600,,,,,
2020-03-31,35538,74036,,,1813,,,,,
2020-04-01,36119,80293,,,1971,,,,,
2020-04-02,36763,86841,,,2121,,,,,
2020-04-03,36975,93031,,,2253,,,,,
2020-04-04,36594,97373,,,2249,,,,,
2020-04-05,36053,99908,,,2267,,,,,
2020-04-06,35593,103567,,,2290,,,,,
2020-04-07,34720,108756,,,2248,,,,,
2020-04-08,33739,114032,,,2214,,,,,
2020-04-09,32097,118938,,,2123,,,,,
2020-04-10,29264,122295,,,1935,,,,,
2020-04-11,27808,125181,,,1892,,,,,
2020-04-12,27137,127045,,,1875,,,,,
2020-04-13,25076,128643,,,1746,,,,,
2020-04-14,22353,131109,,,1625,,,,0.083791884758198,
2020-04-15,20400,134432,,,1514,,,0.12558823529411764,0.08549019607843138,0.0742156862745098
2020-04-16,18913,137851,,,1379,,,0.12853592766879923,0.09342780098345053,0.07291281129381906
2020-04-17,18604,140899,,,1346,,,0.13394968823908837,0.09342076972694044,0.07235003225112879
2020-04-18,17824,143005,,,1268,,,0.13689407540394974,0.0909447935368043,0.07114003590664272
2020-04-19,17334,144379,,,1220,,,0.1327448944271374,0.09016960886119765,0.07038190838813892
2020-04-20,17444,146087,,,1207,,,0.1265764732859436,0.08725063058931437,0.06919284567759688
2020-04-21,17160,148269,,,1127,,,0.12377622377622377,0.08461538461538462,0.06567599067599067
2020-04-22,16327,150759,,,1022,,,0.12237398174802475,0.08611502419305445,0.06259570037361425
2020-04-23,14997,152848,,,948,,,0.13102620524104822,0.09048476361939055,0.0632126425285057
2020-04-24,13852,154751,,,857,,,0.14106266243141785,0.09550967369332948,0.061868322263933004
2020-04-25,13018,156023,,,814,,,0.14610539253341528,0.09532954370871101,0.06252880626824397
2020-04-26,12346,156725,2562.0,1873.0,725,,,0.14879313137858416,0.09679248339543171,0.05872347318969707
2020-04-27,11754,157841,2431.0,1744.0,651,,,0.14658839543985028,0.09630763995235664,0.05538540071465033
2020-04-28,11039,159308,2492.0,1767.0,595,,,0.15055711568076818,0.09792553673339977,0.053899809765377296
2020-04-29,9979,160738,2440.0,1738.0,527,,,0.15953502354945384,0.10732538330494037,0.05281090289608177
2020-04-30,9348,162196,2301.0,1621.0,481,,,0.16987590928540863,0.10997004706889174,0.0514548566538297
2020-05-01,8363,163114,2208.0,1563.0,445,,,0.18522061461198136,0.11730240344374028,0.053210570369484636
2020-05-02,7711,163734,2124.0,1522.0,401,,,0.19115549215406563,0.11632732460121904,0.05200363117624173
2020-05-03,7434,164159,1998.0,1452.0,387,,,0.17971482378262038,0.11339790153349476,0.05205811138014528
2020-05-04,7047,164888,1965.0,1406.0,353,,,0.18461756775933022,0.11735490279551582,0.050092237831701435
2020-05-05,6670,165978,1954.0,1357.0,315,,,0.18170914542728636,0.12038980509745127,0.0472263868065967
2020-05-06,6461,167199,1902.0,1323.0,297,,,0.18186039312799876,0.1163906516019192,0.045968116390651605
2020-05-07,6201,168397,1837.0,1241.0,275,,,0.18416384454120302,0.11627156910175779,0.04434768585711982
2020-05-08,6262,169376,1723.0,1195.0,272,,,0.17949536889172787,0.10827211753433408,0.0434366017246886
2020-05-09,6320,170054,1662.0,1132.0,259,,,0.16677215189873418,0.10379746835443038,0.04098101265822785
2020-05-10,6237,170396,1592.0,1081.0,257,,,0.16418149751483085,0.09652076318742986,0.04120570787237454
2020-05-11,6194,171082,1588.0,1071.0,242,,,0.15741039715854052,0.09412334517274783,0.039070067807555696
2020-05-12,5959,171937,1549.0,1028.0,229,,,0.15589864071152879,0.09515019298540023,0.038429266655479105
2020-05-13,5650,172849,1474.0,981.0,216,,,0.1591150442477876,0.09769911504424779,0.03823008849557522
2020-05-14,5261,173658,1336.0,897.0,187,,,0.16802889184565672,0.10036114807070899,0.03554457327504277
2020-05-15,5009,174385,1301.0,843.0,173,,,0.16550209622679177,0.09682571371531244,0.03453783190257537
2020-05-16,4790,174844,1212.0,827.0,170,,,0.16116910229645093,0.09478079331941545,0.03549060542797495
2020-05-17,4764,175160,1175.0,803.0,164,,,0.15764063811922754,0.09026028547439127,0.03442485306465155
2020-05-18,4621,175703,1142.0,752.0,161,,,0.159705691408786,0.0917550313784895,0.03484094351871889
2020-05-19,4494,176431,1124.0,721.0,156,,,0.1617712505562973,0.09190031152647975,0.03471295060080107
2020-05-20,4411,177260,1054.0,678.0,152,,,0.16050782135570166,0.08796191339832238,0.03445930627975516
2020-05-21,4020,177678,1024.0,656.0,139,,,0.1699004975124378,0.09477611940298507,0.0345771144278607
2020-05-22,3818,178203,975.0,602.0,124,,,0.1817705605028811,0.09481403876375065,0.03247773703509691
2020-05-23,3696,178540,929.0,583.0,115,,,0.17234848484848486,0.0928030303030303,0.031114718614718616
2020-05-24,3598,178758,899.0,567.0,112,,,0.16842690383546416,0.09449694274596998,0.0311284046692607
2020-05-25,3467,179170,884.0,552.0,102,,,0.17306028266512835,0.09720219209691376,0.02942024805307182
2020-05-26,3356,179787,829.0,528.0,90,,,0.1728247914183552,0.09833134684147796,0.026817640047675805
2020-05-27,3175,180435,772.0,485.0,79,,,0.18047244094488188,0.0995275590551181,0.024881889763779527
2020-05-28,3286,180964,751.0,454.0,81,,,0.16524650030432136,0.09738283627510651,0.024650030432136337
2020-05-29,3206,181409,738.0,430.0,73,,,0.16687461010605115,0.09139114160948222,0.022769806612601372
2020-05-30,3243,181783,727.0,424.0,66,,,0.15232809127351218,0.08664816527906259,0.020351526364477335
2020-05-31,3204,181962,708.0,413.0,64,,,0.14481897627965043,0.08551810237203496,0.019975031210986267
2020-06-01,2929,182099,683.0,388.0,56,,,0.15295322635711847,0.0897917377944691,0.01911915329463981
2020-06-02,2616,182403,694.0,381.0,49,,,0.16896024464831805,0.09824159021406728,0.018730886850152905
2020-06-03,2464,182899,637.0,362.0,48,,,0.17207792207792208,0.10673701298701299,0.01948051948051948
2020-06-04,2463,183427,606.0,343.0,46,,,0.17377182298010557,0.10475030450669914,0.01867641088103938
2020-06-05,2455,183864,600.0,340.0,43,,,0.1710794297352342,0.10264765784114054,0.017515274949083504
2020-06-06,2366,184149,580.0,337.0,44,,,0.1720202874049028,0.1014370245139476,0.018596787827557058
2020-06-07,2351,184313,573.0,330.0,45,,,0.16886431305827307,0.09655465759251382,0.019140791152700978
2020-06-08,2509,184608,543.0,316.0,43,,,0.14986050219210842,0.08728577122359506,0.017138302112395375
2020-06-09,2630,185033,535.0,320.0,36,,,0.1376425855513308,0.0752851711026616,0.013688212927756654
2020-06-10,2652,185551,494.0,293.0,35,,,0.12933634992458523,0.0757918552036199,0.013197586726998492
2020-06-11,2404,185831,464.0,281.0,29,,,0.14517470881863562,0.08069883527454243,0.012063227953410981
2020-06-12,2319,186183,448.0,274.0,35,,,0.14532125916343253,0.07848210435532557,0.015092712376024149
2020-06-13,2333,186482,442.0,263.0,31,,,0.14187741105872267,0.08401200171453065,0.013287612516073724
2020-06-14,2341,186654,424.0,257.0,33,,,0.1537804357112345,0.08457923964117899,0.014096539940196497
2020-06-15,2305,186913,428.0,263.0,34,,,0.1579175704989154,0.08156182212581345,0.01475054229934924
2020-06-16,2398,187431,420.0,258.0,44,,,0.1438698915763136,0.07881567973311093,0.01834862385321101
2020-06-17,2742,188293,407.0,252.0,41,,,0.12326768781911014,0.06673960612691467,0.014952589350838803
2020-06-18,3225,189056,397.0,240.0,43,,,0.10294573643410852,0.053953488372093024,0.013333333333333334
2020-06-19,3869,190052,376.0,227.0,41,,,0.0873610752132334,0.043939002326182475,0.01059705350219695
2020-06-20,4140,190622,362.0,219.0,44,,,0.07971014492753623,0.03864734299516908,0.010628019323671498
2020-06-21,4190,190844,343.0,198.0,41,,,0.0782816229116945,0.03842482100238664,0.009785202863961813
2020-06-22,4374,191287,349.0,201.0,38,,,0.07293095564700502,0.03635116598079561,0.008687700045724738
2020-06-23,4397,191828,337.0,194.0,34,,,0.073231748919718,0.03388674095974528,0.007732544916988856
2020-06-24,4041,192334,331.0,182.0,29,,,0.07374412274189557,0.03588220737441227,0.007176441474882455
2020-06-25,3842,192898,360.0,196.0,31,,,0.07938573659552317,0.03748047891723061,0.008068714211348256
2020-06-26,3420,193472,364.0,198.0,28,,,0.0871345029239766,0.0412280701754386,0.008187134502923977
2020-06-27,3175,193797,345.0,188.0,26,,,0.09196850393700787,0.04188976377952756,0.008188976377952756
2020-06-28,3153,193997,338.0,189.0,23,,,0.0872185220424992,0.04186489058039962,0.007294640025372661
2020-06-29,3126,194413,332.0,183.0,26,,,0.08893154190658989,0.04062699936020473,0.008317338451695458
2020-06-30,3042,194870,338.0,174.0,20,,,0.08284023668639054,0.041091387245233396,0.006574621959237344
2020-07-01,3018,195352,330.0,170.0,23,,,0.08383035122597747,0.043074884029158385,0.007620941020543406
2020-07-02,2927,195825,328.0,160.0,22,,,0.09019473864024599,0.04270584215920738,0.007516228220020499
2020-07-03,2779,196251,319.0,161.0,22,,,0.09607772580064772,0.04318100035984167,0.00791651673263764
2020-07-04,2746,196543,322.0,159.0,22,,,0.09031318281136198,0.04406409322651129,0.008011653313911144
2020-07-05,2688,196685,298.0,149.0,26,,,0.09486607142857142,0.044270833333333336,0.009672619047619048
2020-07-06,2599,197012,305.0,145.0,28,,,0.09619084263178146,0.04501731435167372,0.010773374374759523
2020-07-07,2532,197402,298.0,144.0,31,,,0.09794628751974724,0.0462085308056872,0.012243285939968405
2020-07-08,2501,197853,292.0,141.0,32,,,0.09996001599360256,0.04878048780487805,0.012794882047181128
2020-07-09,2454,198279,275.0,133.0,33,,,0.10105949470252648,0.05052974735126324,0.013447432762836185
2020-07-10,2454,198705,278.0,132.0,30,,,0.10431947840260798,0.05256723716381418,0.012224938875305624
2020-07-11,2438,198981,252.0,127.0,28,,,0.10336341263330599,0.05291222313371616,0.011484823625922888
2020-07-12,2427,199112,253.0,125.0,25,,,0.09929954676555418,0.049855789039967034,0.010300782859497322
2020-07-13,2426,199438,264.0,130.0,24,,,0.09934047815333882,0.05358615004122012,0.00989282769991756
2020-07-14,2501,199903,267.0,125.0,22,,,0.10115953618552578,0.053978408636545384,0.008796481407437025
2020-07-15,2587,200440,248.0,120.0,22,,,0.10591418631619637,0.05257054503285659,0.008504058755315036
2020-07-16,2715,200994,255.0,121.0,24,,,0.09797421731123389,0.04751381215469613,0.008839779005524863
2020-07-17,2810,201515,250.0,119.0,27,,,0.09430604982206406,0.04768683274021352,0.009608540925266904
2020-07-18,2974,201955,248.0,117.0,27,,,0.09078681909885676,0.04572965702757229,0.009078681909885675
2020-07-19,3022,202134,250.0,117.0,30,,,0.09033752481800132,0.042356055592322965,0.009927200529450696
2020-07-20,3150,202588,248.0,122.0,29,,,0.08603174603174603,0.03968253968253968,0.009206349206349206
2020-07-21,3207,203110,256.0,124.0,31,,,0.08294356096039912,0.0411599625818522,0.00966635484876832
2020-07-22,3367,203807,252.0,129.0,34,,,0.08226908226908226,0.039204039204039205,0.010098010098010098
2020-07-23,3508,204502,241.0,129.0,30,,,0.07867730900798175,0.037058152793614595,0.00855188141391106
2020-07-24,3792,205307,241.0,121.0,34,,,0.06065400843881857,0.03771097046413502,0.008966244725738396
2020-07-25,3894,205849,253.0,130.0,37,,,0.06291730868002054,0.034411915767847974,0.009501797637390858
2020-07-26,3926,206060,274.0,135.0,33,,,0.061130922058074376,0.03489556800815079,0.008405501782985226
2020-07-27,4000,206588,266.0,136.0,36,,,0.0585,0.0345,0.009
2020-07-28,4233,207343,265.0,129.0,36,,,0.05622489959839357,0.03283723127805339,0.008504606661941885
2020-07-29,4444,208251,270.0,134.0,32,,,0.05490549054905491,0.030153015301530153,0.0072007200720072
2020-07-30,4609,209111,273.0,136.0,34,,,0.051204165762638316,0.030592319375135603,0.007376871338685182
2020-07-31,4718,210025,271.0,128.0,37,,,0.051080966511233575,0.02967359050445104,0.007842306061890632
2020-08-01,4737,210586,266.0,125.0,35,,,0.048342833016677224,0.02955457040320878,0.007388642600802195
2020-08-02,4831,210891,277.0,132.0,36,,,0.04740219416269923,0.027944524943075966,0.0074518733181535915
2020-08-03,5100,211688,276.0,132.0,37,,,0.04588235294117647,0.02666666666666667,0.0072549019607843135
2020-08-04,5292,212635,230.0,130.0,39,,,0.04365079365079365,0.025699168556311415,0.007369614512471655
2020-08-05,5495,213746,245.0,143.0,37,,,0.041492265696087355,0.024749772520473157,0.0067333939945404915
2020-08-06,5802,214913,240.0,134.0,38,,,0.03998621165115478,0.023612547397449155,0.006549465701482247
2020-08-07,5893,215918,234.0,137.0,30,,,0.03902935686407602,0.024435771254030205,0.0050907856779229595
2020-08-08,6043,216629,238.0,138.0,31,,,0.038557008108555356,0.023001820287936455,0.005129902366374318
2020-08-09,6058,216949,244.0,139.0,32,,,0.03862660944206009,0.024100363156157146,0.005282271376691978
2020-08-10,6364,218052,236.0,134.0,26,,,0.037554996857322435,0.02199874292897549,0.004085480829666876
2020-08-11,6611,219246,241.0,141.0,22,,,0.03554681591287249,0.020571774315534714,0.0033277870216306157
2020-08-12,7043,220789,229.0,140.0,29,,,0.035070282550049695,0.018742013346585262,0.004117563538264944
2020-08-13,7365,222278,229.0,140.0,25,,,0.03353699932111338,0.018058384249830278,0.0033944331296673455
2020-08-14,7735,223653,234.0,135.0,26,,,0.029088558500323207,0.017194570135746608,0.0033613445378151263
2020-08-15,7779,224408,231.0,136.0,28,,,0.029566782362771566,0.017997171872991387,0.0035994343745982776
2020-08-16,7951,224900,228.0,136.0,31,,,0.030687963778141113,0.01760784806942523,0.003898880643944158
2020-08-17,8396,226448,232.0,136.0,37,,,0.02834683182467842,0.015959980943306338,0.004406860409718914
2020-08-18,8737,227983,230.0,137.0,45,,,0.027812750371981228,0.014993704933043379,0.005150509328144672
2020-08-19,8950,229739,233.0,144.0,36,,,0.02770949720670391,0.014301675977653631,0.004022346368715084
2020-08-20,9083,231361,234.0,139.0,41,,,0.027303754266211604,0.014532643399757789,0.0045139271165914345
2020-08-21,9365,233018,239.0,146.0,38,,,0.025306994127068872,0.013347570742124934,0.0040576615056059796
2020-08-22,9527,233935,235.0,140.0,36,,,0.024246877296105803,0.013435499107798888,0.003778734124068437
2020-08-23,9600,234500,247.0,136.0,31,,,0.0234375,0.013541666666666667,0.0032291666666666666
2020-08-24,9479,235927,247.0,132.0,28,,,0.023947673805253717,0.013398037767697015,0.0029538980905158773
2020-08-25,9426,237409,225.0,133.0,20,,,0.023976235943136005,0.013473371525567579,0.0021217907914279654
2020-08-26,9284,239023,230.0,133.0,21,,,0.023804394657475227,0.014541146057733736,0.0022619560534252476
2020-08-27,9202,240563,244.0,140.0,15,,,0.025103238426429038,0.014236035644425125,0.0016300804173005868
2020-08-28,8933,241951,238.0,140.0,15,,,0.025971118325310644,0.015000559722377701,0.0016791671331019813
2020-08-29,8849,242784,243.0,134.0,15,,,0.025878630353712285,0.014690925528308283,0.0016951067917278788
2020-08-30,8820,243320,248.0,131.0,18,,,0.026643990929705215,0.013605442176870748,0.0020408163265306124
2020-08-31,8581,244508,248.0,128.0,17,,,0.025754574058967486,0.013867847570213261,0.0019811210814590376
2020-09-01,8416,245825,237.0,132.0,18,,,0.0278041825095057,0.014733840304182509,0.0021387832699619773
2020-09-02,8217,247240,231.0,125.0,19,,,0.028842643300474625,0.015090665693075331,0.0023122794207131557
2020-09-03,8194,248757,225.0,128.0,25,,,0.029045643153526972,0.01586526726873322,0.00305101293629485
2020-09-04,8300,250251,227.0,130.0,29,,,0.02855421686746988,0.015542168674698795,0.003493975903614458
2020-09-05,8572,251356,226.0,127.0,35,,,0.027298180121325243,0.015748950069995334,0.004083061129258049
2020-09-06,8618,251938,221.0,127.0,36,,,0.027616616384311905,0.015548851241587376,0.004177303318635414
2020-09-07,8838,253346,231.0,135.0,38,,,0.027834351663272233,0.01640642679339217,0.004299615297578638
2020-09-08,8900,254725,232.0,131.0,54,,,0.02898876404494382,0.016292134831460674,0.006067415730337079
2020-09-09,9233,256473,229.0,134.0,60,,,0.029242932957868516,0.01581284522906964,0.006498429546193003
2020-09-10,9307,258064,235.0,130.0,59,,,0.02879553024605136,0.016331793273879874,0.006339314494466531
2020-09-11,9465,259716,221.0,120.0,64,,,0.0294770206022187,0.016904384574749076,0.0067617538298996305
2020-09-12,9585,260941,234.0,119.0,64,,,0.030672926447574335,0.017527386541471048,0.006677099634846114
2020-09-13,9763,261701,237.0,124.0,68,,,0.030523404691180988,0.0170029703984431,0.0069650722114104275
2020-09-14,9838,263184,238.0,124.0,67,,,0.03130717625533645,0.017788168326895712,0.006810327302297215
2020-09-15,10462,265187,237.0,130.0,64,,,0.030300133817625693,0.017396291340087938,0.006117377174536418
2020-09-16,10911,267384,234.0,129.0,70,,,0.030244707176244157,0.01768857116671249,0.006415543946476033
2020-09-17,11674,269738,238.0,135.0,72,,,0.03066643823882131,0.01687510707555251,0.006167551824567415
2020-09-18,12191,271907,246.0,134.0,75,,,0.029119842506767288,0.016159461898121567,0.006152079402838159
2020-09-19,12359,273300,258.0,145.0,79,,,0.02888583218707015,0.01577797556436605,0.006392102920948297
2020-09-20,12290,273991,270.0,145.0,81,,,0.029617575264442635,0.016354759967453215,0.006590724165988608
2020-09-21,12464,275648,268.0,146.0,94,,,0.030086649550706033,0.01652759948652118,0.007541720154043646
2020-09-22,12274,277461,279.0,152.0,93,,,0.03307805116506436,0.017435228939221118,0.007576992015642822
2020-09-23,12286,279670,294.0,160.0,89,,,0.03467361224157578,0.01733680612078789,0.007244017580986489
2020-09-24,12328,282066,298.0,168.0,99,,,0.03650227125243349,0.01808890330953926,0.008030499675535367
2020-09-25,12487,284394,308.0,166.0,99,,,0.036437895411227675,0.018899655641867543,0.007928245375190197
2020-09-26,12880,286180,317.0,175.0,112,,,0.03672360248447205,0.018788819875776398,0.008695652173913044
2020-09-27,13062,287053,330.0,182.0,109,,,0.03758995559638646,0.019522278364722093,0.008344817026489051
2020-09-28,13232,288880,358.0,193.0,110,,,0.03876964933494559,0.021311970979443772,0.008313180169286578
2020-09-29,13586,291047,355.0,197.0,110,,,0.039525982629177094,0.020535845723538938,0.008096569998527897
2020-09-30,14106,293776,357.0,197.0,115,,,0.03899050049624273,0.02055862753438253,0.008152559194668936
2020-10-01,14637,296703,364.0,195.0,123,,,0.040718726514996244,0.022067363530778164,0.008403361344537815
2020-10-02,15230,299624,375.0,201.0,133,,,0.04090610636900854,0.021470781352593567,0.008732764281024295
2020-10-03,15642,301822,406.0,206.0,120,,,0.03880577931210843,0.021288837744533946,0.007671653241273495
2020-10-04,15924,302977,426.0,214.0,122,,,0.04144687264506405,0.021665410700828936,0.007661391610148204
2020-10-05,16508,305388,450.0,213.0,137,,,0.042161376302398836,0.021141264841289073,0.008299006542282529
2020-10-06,17927,308974,455.0,223.0,149,,,0.04111117309086852,0.019969877837898144,0.008311485468845876
2020-10-07,19685,313461,473.0,236.0,168,,,0.03937007874015748,0.01996443992887986,0.008534417068834137
2020-10-08,21426,318129,491.0,242.0,184,,,0.0400448053766452,0.019322318678241388,0.008587697190329506
2020-10-09,23563,323187,513.0,255.0,203,,,0.037516445274370834,0.018206510206679963,0.008615201799431312
2020-10-10,24994,326816,537.0,282.0,229,,,0.03796911258702088,0.01852444586700808,0.009162198927742659
2020-10-11,26111,329088,550.0,279.0,245,,,0.03979165868790931,0.018459653019800085,0.009383018651143197
2020-10-12,27893,333281,596.0,290.0,271,,,0.04051195640483275,0.019252142114509017,0.009715699279389095
2020-10-13,29677,338651,623.0,323.0,300,,,0.04087340364592108,0.019644842807561413,0.010108838494456988
2020-10-14,32439,345900,607.0,327.0,328,,,0.040291007737599804,0.019297758870495393,0.010111285797959247
2020-10-15,35684,353813,660.0,333.0,367,,,0.038476628180697234,0.019476516085640622,0.010284721443784329
2020-10-16,38594,361781,696.0,345.0,413,,,0.03842566202000311,0.020003109291599732,0.010701145255739234
2020-10-17,40658,367474,737.0,349.0,435,,,0.039008313247085445,0.02053716365782872,0.010699001426533523
2020-10-18,42065,371153,775.0,358.0,464,,,0.04079400927136574,0.022037323190300724,0.011030547961488174
2020-10-19,44346,377627,858.0,393.0,492,,,0.0418527037387814,0.02286564740901096,0.01109457448247869
2020-10-20,48421,387072,884.0,414.0,565,,,0.0405815658495281,0.022655459408108054,0.011668490944011895
2020-10-21,53584,399484,949.0,429.0,645,,,0.03883621976709466,0.02200283666766199,0.012037175276201852
2020-10-22,59612,413425,1039.0,463.0,767,,,0.037978930416694624,0.02127088505669999,0.012866536938871367
2020-10-23,65683,427464,1130.0,482.0,876,,,0.03670660597110363,0.020690285157498895,0.013336784251632842
2020-10-24,71092,438566,1213.0,537.0,938,,,0.036178472964609236,0.020142913407978393,0.013194170933438361
2020-10-25,74871,446024,1307.0,583.0,1010,,,0.03579490056230049,0.019433425491845974,0.013489869241762499
2020-10-26,80420,458047,1373.0,626.0,1162,,,0.03456851529470281,0.019199204178065157,0.014449142004476499
2020-10-27,86930,474002,1483.0,695.0,1271,,,0.032969055561946396,0.018589669849304036,0.014620959392614747
2020-10-28,93759,493243,1586.0,772.0,1376,,,0.031260998944101365,0.018142258343199054,0.014675924444586654
2020-10-29,99672,513097,1716.0,835.0,1442,,,0.030419776868127458,0.017547555983626294,0.014467453246649008
2020-10-30,105052,532516,1856.0,927.0,1500,,,0.029328332635266345,0.017134371549327954,0.014278642957773294
2020-10-31,107958,546524,1965.0,1014.0,1574,,,0.02916875081050038,0.016904722206784118,0.014579743974508605
2020-11-01,111029,557053,2081.0,1097.0,1618,,,0.02887533887542894,0.01686045987985121,0.01457276927649533
2020-11-02,114264,572311,2264.0,1179.0,1655,,,0.02905552054890429,0.016514387733669398,0.01448400196037247
2020-11-03,117653,591655,2411.0,1268.0,1745,,,0.028448063372799672,0.016438169872421443,0.014831750996574673
2020-11-04,119628,612871,2572.0,1359.0,1810,,,0.028505032266693417,0.0165931052930752,0.015130237068244892
2020-11-05,122054,635151,2680.0,1432.0,1879,,,0.02836449440411621,0.016574630901076574,0.015394825241286644
2020-11-06,124217,656733,2780.0,1455.0,1872,,,0.028490464268175853,0.016382620736292135,0.015070400991812715
2020-11-07,126148,672672,2866.0,1544.0,1894,,,0.028379363921742715,0.016607476931857816,0.01501411040999461
2020-11-08,125766,682819,2931.0,1616.0,1887,,,0.02872795509120112,0.016808994481815435,0.015004055150040552
2020-11-09,126482,698793,3032.0,1701.0,1928,,,0.028762986037538938,0.01669012191458073,0.015243275723027782
2020-11-10,126754,718409,3081.0,1749.0,1943,,,0.0288117140287486,0.01691465358095208,0.015328904807737824
2020-11-11,128237,741108,3149.0,1800.0,2049,,,0.029086769029219337,0.016952985487807732,0.015978227812565797
2020-11-12,129456,764607,3206.0,1825.0,2139,,,0.029075516005438142,0.01690149548881473,0.016522988505747127
2020-11-13,129224,785957,3320.0,1872.0,2304,,,0.02932891722899771,0.017225902309168574,0.017829505355042408
2020-11-14,129078,801750,3347.0,1887.0,2459,,,0.029447310928275926,0.017826430530376983,0.01905049659895567
2020-11-15,127786,810605,3410.0,1934.0,2519,,,0.030081542578999265,0.018092748814424114,0.019712644577653263
2020-11-16,126506,825299,3462.0,1985.0,2649,,,0.03063095821542061,0.018315336821968918,0.020939718274232053
2020-11-17,127236,845645,3539.0,2023.0,2813,,,0.030738155867836146,0.01817095790499544,0.022108522745135025
2020-11-18,128230,869338,3580.0,2035.0,2925,,,0.030601263354909147,0.018193870389144506,0.02281057474849879
2020-11-19,128474,893081,3613.0,2095.0,3061,,,0.030753304170493642,0.018423961268427852,0.02382583246415617
2020-11-20,129411,915368,3638.0,2114.0,3174,,,0.030491998361808503,0.018267380670885784,0.024526508565732436
2020-11-21,128399,930149,3652.0,2111.0,3143,,,0.031020490813791386,0.01862942857810419,0.024478383788035733
2020-11-22,128379,938984,3730.0,2144.0,3203,,,0.03118111217566736,0.01868685688469298,0.02494956340211405
2020-11-23,128768,954067,3764.0,2174.0,3226,,,0.031319893141153084,0.018871148111332007,0.02505280815109344
2020-11-24,127843,973488,3790.0,2188.0,3227,,,0.03188285631595003,0.019320572890185617,0.025241898265841698
2020-11-25,126212,995550,3801.0,2226.0,3284,,,0.03273856685576649,0.02002186796818052,0.02601971286406998
2020-11-26,125234,1018315,3844.0,2301.0,3375,,,0.03358512863918744,0.02036188255585544,0.026949550441573374
2020-11-27,123092,1038460,3875.0,2312.0,3473,,,0.03480323660351607,0.020586228187047088,0.02821466870308387
2020-11-28,123257,1053406,3911.0,2317.0,3533,,,0.03491079614139562,0.020420746894699693,0.028663686443771957
2020-11-29,123213,1062197,3924.0,2312.0,3576,,,0.03541022457045929,0.020720216210951766,0.0290229115434248
2020-11-30,121431,1075498,3951.0,2333.0,3642,,,0.03669573667350182,0.021065461043720302,0.029992341329643995
2020-12-01,121229,1094717,3946.0,2367.0,3787,,,0.03724356383373615,0.021595492827623755,0.031238400052792648
2020-12-02,122381,1117931,3983.0,2364.0,3931,,,0.03741593874866197,0.021923337773020322,0.032120999174708495
2020-12-03,124051,1142366,4003.0,2392.0,4124,,,0.03787152058427582,0.021716874511289713,0.03324439141965804
2020-12-04,126168,1164628,4033.0,2399.0,4306,,,0.03774332635850612,0.022002409485765012,0.03412909771098852
2020-12-05,126945,1180351,4076.0,2430.0,4415,,,0.03830005120327701,0.02195438969632518,0.03477884123045413
2020-12-06,128395,1190592,4132.0,2470.0,4448,,,0.03802328751119592,0.02037462518010826,0.034643093578410375
2020-12-07,131539,1207037,4206.0,2527.0,4603,,,0.03744896950714237,0.019902842502983905,0.03499342400352747
2020-12-08,135105,1229822,4284.0,2550.0,4808,,,0.0367565967210688,0.019636578957107433,0.035587135931312686
2020-12-09,139547,1257478,4303.0,2534.0,4923,,,0.03618852429647359,0.0193698180541323,0.035278436655750395
2020-12-10,144154,1286520,4363.0,2517.0,5150,,,0.03604478543779569,0.01902826144262386,0.03572568225647571
2020-12-11,149147,1313775,4456.0,2553.0,5316,,,0.03521358123193896,0.018967863919488827,0.03564268808625048
2020-12-12,154039,1334390,4515.0,2558.0,5573,,,0.03427054187575874,0.01850829984614286,0.036179149436181744
2020-12-13,156303,1346895,4579.0,2618.0,5729,,,0.03454188339315304,0.01837456734675598,0.03665316724567027
2020-12-14,158920,1365957,4698.0,2683.0,5862,,,0.03421218223005286,0.018537628995721117,0.03688648376541656
2020-12-15,163068,1392890,4762.0,2694.0,6013,,,0.03424951553952952,0.01834204135697991,0.03687418745554002
2020-12-16,166780,1424258,4862.0,2776.0,6230,,,0.033655114522124954,0.01826957668785226,0.03735459887276652
2020-12-17,169725,1456245,4882.0,2787.0,6313,,,0.0332832523199293,0.01827073206657829,0.037195463249373985
2020-12-18,172251,1486026,4926.0,2616.0,6379,,,0.033126077642510056,0.01795635438981486,0.03703316671601326
2020-12-19,173334,1507724,4966.0,2618.0,6383,,,0.032919104157291705,0.018115314941096382,0.036824858365929365
2020-12-20,174730,1521625,5050.0,2653.0,6409,,,0.03262175928575516,0.017987752532478682,0.03667944829164997
2020-12-21,175976,1541933,5196.0,2703.0,6502,,,0.03218052461699323,0.01795699413556394,0.03694822021184707
2020-12-22,178037,1570927,5252.0,2743.0,6682,,,0.03252132983593298,0.01799625920454737,0.0375315243460629
2020-12-23,180654,1604912,5279.0,2829.0,6864,,,0.03223842262003609,0.01797912030732782,0.03799528380218539
2020-12-24,169839,1626084,5399.0,2851.0,6417,,,0.03420886839889543,0.018941468096255867,0.03778284139685231
2020-12-25,153233,1639259,5437.0,2872.0,5885,,,0.037452768006891464,0.020602611708966084,0.03840556538082528
2020-12-26,143081,1650805,5585.0,2946.0,5689,,,0.039334363053095796,0.021931633130883903,0.03976069499094918
2020-12-27,138992,1660617,5613.0,2991.0,5674,21566.0,0.0,0.039951939679981584,0.022375388511569012,0.04082249338091401
2020-12-28,134425,1676358,5649.0,3047.0,5645,41962.0,0.0,0.04126464571322299,0.023128138367119213,0.04199367677143388
2020-12-29,133012,1703939,5706.0,3101.0,5698,,,0.04120680840826391,0.023230986677893722,0.04283824015878267
2020-12-30,130092,1735004,5706.0,3093.0,5731,131626.0,0.0,0.04140915659686991,0.023421886049872397,0.04405343910463364
2020-12-31,128523,1754607,5700.0,3140.0,5795,165575.0,0.0,0.041689036203636703,0.023676695999937755,0.04508920582308225
2021-01-01,125622,1764881,5663.0,3143.0,5699,188553.0,0.0,0.04217414147203515,0.02396077120249638,0.04536625750266673
2021-01-02,124079,1774884,5790.0,3160.0,5705,238809.0,0.0,0.04230369361455202,0.024033075701770646,0.045978771589068254
2021-01-03,123086,1783703,5824.0,3204.0,5671,265986.0,0.0,0.04214939148237817,0.024170092455681393,0.046073477081065274
2021-01-04,121640,1797998,5810.0,3248.0,5552,316962.0,0.0,0.04225583689575797,0.023873725748109174,0.04564288063137126
2021-01-05,121474,1825413,5739.0,3217.0,5343,367331.0,0.0,0.041819648649093634,0.023659383901081712,0.04398472101025734
2021-01-06,118398,1853402,5628.0,3157.0,4977,417060.0,0.0,0.04261051706954509,0.024561225696380005,0.04203618304363249
2021-01-07,124911,1879518,5553.0,3138.0,5228,476959.0,0.0,0.04062092209653273,0.023248552969714436,0.041853799905532736
2021-01-08,139166,1904047,5547.0,3110.0,5739,532878.0,0.0,0.036107957403388756,0.02024919879855712,0.04123852090309415
2021-01-09,145821,1920705,5481.0,3109.0,5753,,,0.03364398817728585,0.01893417271860706,0.03945247940968722
2021-01-10,145469,1929172,5387.0,3090.0,5677,613347.0,0.0,0.03336105974468787,0.018739387773340024,0.0390254968412514
2021-01-11,144662,1942660,5358.0,3047.0,5491,688782.0,0.0,0.03339508647744397,0.01835312659855387,0.037957445631886744
2021-01-12,139838,1965251,5298.0,3043.0,5341,758093.0,0.0,0.033839156738511705,0.019057766844491484,0.03819419614124916
2021-01-13,135955,1989357,5249.0,3010.0,5391,842455.0,0.0,0.03459968371887757,0.019616784965613622,0.039652826302820784
2021-01-14,130245,2009763,5188.0,2982.0,5303,961682.0,0.0,0.03602441552458827,0.019854888863296095,0.040715574494222424
2021-01-15,124016,2028063,5140.0,2975.0,5189,1048160.0,0.0,0.03744678106050832,0.020521545607018448,0.041841375306412076
2021-01-16,120801,2041506,5080.0,2904.0,5128,,,0.03791359343051796,0.020951813312803703,0.04244997971871094
2021-01-17,118931,2048103,5045.0,2874.0,5031,1139297.0,6581.0,0.03795478050298072,0.020625404646391607,0.04230183888136819
2021-01-18,114597,2057257,5074.0,2908.0,4981,1195543.0,24741.0,0.03883173206977495,0.02125710097122961,0.04346536122237057
2021-01-19,110471,2075722,5025.0,2904.0,4858,1254760.0,42670.0,0.040146282734835385,0.02159842854685845,0.043975341944944825
2021-01-20,105860,2095217,4906.0,2818.0,4659,1324091.0,77602.0,0.04192329491781598,0.022643113546193087,0.044010957868883434
2021-01-21,102258,2112021,4853.0,2761.0,4421,1386464.0,115175.0,0.0430773142443623,0.0235776173991277,0.04323378122005124
2021-01-22,98978,2127041,4831.0,2726.0,4234,1469353.0,163424.0,0.04393905716421831,0.023934611731900018,0.04277718280830083
2021-01-23,97109,2138615,4732.0,2655.0,4142,,,0.04434192505329063,0.024137824506482407,0.04265310115437292
2021-01-24,95530,2143633,4704.0,2665.0,4034,1554355.0,228763.0,0.044656128964723124,0.024201821417355805,0.04222757249031718
2021-01-25,93121,2150378,4692.0,2667.0,3924,1638425.0,283264.0,0.044619366200964336,0.024344669838167545,0.04213872273708401
2021-01-26,90164,2165886,4644.0,2586.0,3738,1672215.0,318674.0,0.044851603744288183,0.024876890998624727,0.04145778803069961
2021-01-27,86485,2181702,4580.0,2545.0,3591,1738236.0,366081.0,0.04630860842920738,0.025981384055038446,0.0415216511533792
2021-01-28,83030,2195051,4514.0,2531.0,3367,1799481.0,416646.0,0.04853667349150909,0.02623148259665181,0.0405516078525834
2021-01-29,80568,2207609,4450.0,2453.0,3218,1855457.0,461701.0,0.04871661205441366,0.026623473339291034,0.03994141594677788
2021-01-30,78934,2217549,4435.0,2436.0,3078,,,0.048306179846454,0.02668051790103124,0.038994603086122584
2021-01-31,78115,2221748,4438.0,2386.0,3054,1935356.0,532562.0,0.04800614478653267,0.02651219356077578,0.039096204314152214
2021-02-01,77232,2227610,4405.0,2397.0,2941,1980211.0,606786.0,0.04697534700642221,0.025714729645742698,0.03808007043712451
2021-02-02,74028,2239914,4349.0,2411.0,2759,2033561.0,679649.0,0.048143945534122226,0.026652077592262388,0.03726968174204355
2021-02-03,71626,2253328,4306.0,2369.0,2584,2091689.0,756333.0,0.04894870577723173,0.027713400161952364,0.03607628514785134
2021-02-04,69790,2264841,4266.0,2344.0,2545,2153000.0,834398.0,0.050408367961025935,0.027998280555953575,0.036466542484596645
2021-02-05,67232,2274841,4155.0,2312.0,2380,2212851.0,903271.0,0.05086863398381723,0.028081865778200855,0.0353998096144693
2021-02-06,65678,2283227,4044.0,2267.0,2313,,,0.05051919973202595,0.02807637260574317,0.03521727214592405
2021-02-07,64571,2286319,4005.0,2243.0,2227,2295221.0,981914.0,0.050223784671137195,0.02787629121432222,0.03448916696349755
2021-02-08,62896,2290506,4030.0,2247.0,2157,2344802.0,1024631.0,0.0506073518188756,0.028507377257695244,0.034294708725515134
2021-02-09,59689,2299603,3925.0,2178.0,2066,2405156.0,1104504.0,0.052723282346831074,0.02978773308314765,0.03461274271641341
2021-02-10,56540,2309868,3813.0,2145.0,1929,2490423.0,1178725.0,0.055235231694375664,0.03220728687654758,0.03411743898125221
2021-02-11,54387,2319228,3750.0,2106.0,1796,2556697.0,1253306.0,0.05744019710592605,0.03335355875484951,0.03302259731185761
2021-02-12,52916,2327757,3628.0,2071.0,1738,2635673.0,1331573.0,0.05865900672764381,0.0338271978229647,0.03284450827726963
2021-02-13,50133,2333360,3564.0,1986.0,1664,,,0.06025970917359823,0.03506672251810185,0.03319171005126364
2021-02-14,50802,2337121,3506.0,1973.0,1669,2736109.0,1410239.0,0.05840321247194993,0.03409314593913625,0.032853037281996775
2021-02-15,50993,2341499,3518.0,1985.0,1619,2813732.0,1470822.0,0.05718431941639048,0.033455572333457535,0.03174945580765987
2021-02-16,51143,2350746,3420.0,1954.0,1609,2896064.0,1525943.0,0.056605987134114154,0.033377001740218605,0.0314608059754023
2021-02-17,50874,2360742,3318.0,1888.0,1575,2991792.0,1580628.0,0.05716082871407792,0.03327829539646971,0.03095883948578842
2021-02-18,50743,2369971,3243.0,1844.0,1510,3085114.0,1634786.0,0.05786019746566029,0.03287152907790237,0.029757799105295312
2021-02-19,50943,2378700,3183.0,1800.0,1480,3179290.0,1690351.0,0.05731896433268555,0.03291914492668276,0.02905207781245706
2021-02-20,53127,2386487,3147.0,1793.0,1473,,,0.05428501515237073,0.030794134809042483,0.02772601502061099
2021-02-21,52406,2389527,3123.0,1778.0,1465,3312351.0,1756478.0,0.05478380338129222,0.030988818074266306,0.02795481433423654
2021-02-22,52432,2393931,3124.0,1821.0,1452,3413730.0,1806606.0,0.053822093378089714,0.030782728104974063,0.02769301190112908
2021-02-23,53375,2404121,3104.0,1814.0,1377,3518294.0,1854928.0,0.052608899297423885,0.03035128805620609,0.025798594847775174
2021-02-24,54671,2415413,3021.0,1790.0,1335,3633282.0,1910863.0,0.05189222805509319,0.029869583508624318,0.02441879607104315
2021-02-25,55358,2425329,2967.0,1758.0,1294,3759906.0,1971043.0,0.05267531341450197,0.028956970988836303,0.023375121933595866
2021-02-26,56083,2434783,2916.0,1732.0,1256,3881490.0,2029047.0,0.050514416133231106,0.028529144303978033,0.022395378278622754
2021-02-27,55948,2442435,2895.0,1706.0,1231,,,0.04968899692571674,0.028312004003717736,0.02200257381854579
2021-02-28,56357,2445884,2908.0,1707.0,1203,4079107.0,2095255.0,0.04971875720851003,0.028106535124296894,0.021346061713717907
2021-03-01,56636,2450567,2936.0,1693.0,1185,4234952.0,2159412.0,0.04940320644113285,0.027650257786566847,0.02092308778868564
2021-03-02,57400,2461521,2920.0,1668.0,1163,4389074.0,2215504.0,0.04815331010452962,0.027473867595818817,0.020261324041811846
2021-03-03,57409,2472822,2884.0,1677.0,1103,4541389.0,2271784.0,0.049138636799108154,0.028532111689804733,0.01921301538086363
2021-03-04,57614,2482943,2871.0,1636.0,1069,4736174.0,2346388.0,0.04997049328288263,0.028309091540250634,0.018554517999097443
2021-03-05,57813,2492596,2822.0,1624.0,1027,4915868.0,2410230.0,0.05009253974019684,0.02762354487744971,0.017764170688253506
2021-03-06,58453,2500888,2808.0,1614.0,1029,,,0.04959540143363044,0.027560604246146477,0.017603886883479036
2021-03-07,58368,2504252,2837.0,1620.0,1041,5170215.0,2484408.0,0.050267269736842105,0.027720668859649123,0.017835115131578948
2021-03-08,58523,2509090,2916.0,1633.0,1016,5350408.0,2546692.0,0.051091024041829705,0.027647249799224238,0.017360695794815712
2021-03-09,59064,2520585,2833.0,1603.0,1000,5555420.0,2605818.0,0.05065691453338751,0.02829134498171475,0.01693078694297711
2021-03-10,61750,2534572,2780.0,1600.0,1037,5756572.0,2674692.0,0.050105263157894736,0.027433198380566803,0.016793522267206477
2021-03-11,64771,2547714,2802.0,1584.0,1069,5978551.0,2738103.0,0.04912692408639669,0.02660141112534931,0.016504299763783176
2021-03-12,67642,2560238,2798.0,1584.0,1101,6113484.0,2749786.0,0.04745572277579019,0.02591585109842997,0.016276869400668224
2021-03-13,69828,2570716,2764.0,1566.0,1092,,,0.046514292260984136,0.025534169674056254,0.015638425846365354
2021-03-14,71307,2575559,2821.0,1577.0,1085,6507159.0,2891951.0,0.046250718723267,0.025831966006142456,0.015215897457472618
2021-03-15,73287,2582377,2879.0,1638.0,1096,6712195.0,2951692.0,0.04606546863700247,0.025297801792951,0.014954903325282792
2021-03-16,77587,2598172,2896.0,1631.0,1148,6835216.0,3018750.0,0.044221325737559124,0.024424194774897857,0.014796293193447356
2021-03-17,81967,2616539,2899.0,1597.0,1157,6970861.0,3097094.0,0.0427367111154489,0.024253663059523953,0.01411543670013542
2021-03-18,85550,2633264,2934.0,1611.0,1194,7095076.0,3172553.0,0.042361192285213324,0.02342489772063121,0.013956750438340153
2021-03-19,88739,2648977,2990.0,1618.0,1215,7233931.0,3246005.0,0.041098051589492784,0.02311272383055928,0.013691837861594114
2021-03-20,91478,2662194,2992.0,1618.0,1232,,,0.040742036336605524,0.022945407638995167,0.013467719014407836
2021-03-21,92595,2668154,3094.0,1671.0,1260,7523137.0,3345235.0,0.04077973972676711,0.02352178843350073,0.013607646201198769
2021-03-22,94666,2677043,3182.0,1694.0,1274,7698450.0,3416612.0,0.04116578285762576,0.02321847336953077,0.013457841252403187
2021-03-23,98330,2696502,3210.0,1723.0,1313,7937540.0,3516986.0,0.04031323095698159,0.022871961761415642,0.01335299501678023
2021-03-24,102600,2719139,3248.0,1753.0,1352,8150256.0,3603639.0,0.03995126705653022,0.02276803118908382,0.01317738791423002
2021-03-25,107771,2741035,3298.0,1783.0,1371,8364197.0,3683054.0,0.03887873361108276,0.022464299301296266,0.012721418563435432
2021-03-26,112084,2761061,3376.0,1842.0,1433,8602339.0,3768080.0,0.03924735020163449,0.022340387566468008,0.012785054066592912
2021-03-27,114643,2776837,3431.0,1854.0,1488,,,0.039121446577636665,0.02231274478162644,0.012979423078600526
2021-03-28,116274,2784428,3503.0,1895.0,1495,9001925.0,3877914.0,0.038899496018026385,,0.01285756058964171
2021-03-29,118377,2795420,3624.0,1988.0,1567,9216487.0,3961165.0,,,0.013237368745617815
2021-03-30,119309,2815811,3647.0,2004.0,1583,9428662.0,4059489.0,,,0.013268068628519224
2021-03-31,120668,2839807,3727.0,2051.0,1628,9627222.0,4152414.0,,,0.01349156362913117
2021-04-01,120214,2861249,3776.0,2099.0,1622,,,,,0.013492604854675828
2021-04-02,115683,2876744,3897.0,2178.0,1563,10046898.0,4334170.0,,,0.01351106039781126
2021-04-03,110544,2887381,3964.0,2198.0,1542,,,,,0.013949196699956578
2021-04-04,110103,2894531,4099.0,2249.0,1555,,,,0.024831294333487734,0.014123139242345803
2021-04-05,106165,2901585,4190.0,2336.0,1486,10547269.0,4534775.0,0.045090189798897944,0.0255828191965337,0.01399708001695474
2021-04-06,97287,2913098,4399.0,2421.0,1460,10800637.0,4633859.0,0.04967775756267538,0.028266880467071653,0.01500714381160895
2021-04-07,97020,2936827,4485.0,2504.0,1446,11515936.0,4737605.0,0.05040197897340754,0.02862296433725005,0.014904143475572047
2021-04-08,101339,2962588,4523.0,2558.0,1476,12204176.0,4831522.0,0.049151856639595815,0.02744254433140252,0.0145649749849515
2021-04-09,109122,2985866,,,1524,12670288.0,4910308.0,0.04594857132383937,0.02567768186066971,0.013966019684389949
2021-04-10,116555,3003936,,,1562,,,0.04321564926429582,0.02460640899146326,0.013401398481403629
2021-04-11,118252,3012783,,,1550,13196552.0,5035195.0,0.04311132158441295,0.02433785475087102,0.013107600717112608
2021-04-12,123309,3024894,,,1585,13567817.0,5117056.0,0.04133518234678734,0.023542482706047408,0.012853887388592885
2021-04-13,138531,3051629,,,1614,14058329.0,5186135.0,0.03653333910821405,0.020926723982357738,0.011650821837711415
2021-04-14,143368,3080195,,,1635,14773908.0,5276028.0,0.03551699123932816,0.020457842754310587,0.01140421851459182
2021-04-15,142667,3105255,,,1619,15393858.0,5350247.0,0.03617514912348336,0.020348083298870796,0.01134810432685905
2021-04-16,142436,3128302,4787.0,2734.0,1605,15906352.0,5425990.0,0.03581959616950771,0.020381083433963325,0.011268218708753405
2021-04-17,142053,3145989,4833.0,2716.0,1584,,,0.03581057774211034,0.020738738358218413,0.011150767671221305
2021-04-18,142025,3154808,4890.0,2750.0,1598,16428425.0,5517282.0,0.035726104559056504,0.02071466291145925,0.011251540221791938
2021-04-19,142229,3167123,4981.0,2777.0,1612,16795784.0,5582992.0,0.035590491390644664,0.02074822996716563,0.011333834871931885
2021-04-20,143457,3195086,5014.0,2781.0,1618,17288804.0,5646788.0,0.03523006894051876,0.02073095073785176,0.011278640986497696
2021-04-21,144247,3224442,5037.0,2802.0,1594,17932380.0,5724561.0,0.0351688423329428,0.020534222548822506,0.011050489784882874
2021-04-22,144650,3249905,5098.0,2868.0,1609,18496378.0,5790531.0,0.03492568268233667,0.020435534047701348,0.011123401313515382
2021-04-23,144558,3272860,5097.0,2878.0,1618,18965663.0,5855864.0,0.034602028251636024,0.020095740118153266,0.011192739246530805
2021-04-24,144892,3290881,5061.0,2903.0,1607,,,0.03370096347624438,0.019725036578969162,0.01109101951798581
2021-04-25,144752,3299560,5092.0,2899.0,1577,19486698.0,5960243.0,0.03323615563170112,0.01961285509008511,0.010894495412844037
2021-04-26,144664,3311787,5161.0,2933.0,1570,19854550.0,6038063.0,0.032585854117126584,0.019500359453630482,0.010852734612619588
2021-04-27,141955,3337041,5102.0,2903.0,1510,20521233.0,6113728.0,0.03278503751188757,0.019879539290620266,0.01063717375224543
2021-04-28,137648,3362090,5087.0,2903.0,1446,21562627.0,6241152.0,0.033621992328257584,0.020123794025339998,0.010505056375682902
2021-04-29,133605,3383510,5074.0,2946.0,1372,22393183.0,6381397.0,0.03473672392500281,0.020508214512929904,0.010269076756109427
2021-04-30,129823,3402683,5062.0,2942.0,1314,,,0.034708795822003806,0.020851466997373346,0.01012147308258167
2021-05-01,126881,3417762,5054.0,2951.0,1266,,,0.03484367241746203,0.02113791663054358,0.009977853264082093
2021-05-02,124849,3424409,5073.0,2974.0,1263,23492053.0,6655866.0,0.034457624810771414,0.021337776033448407,0.010116220394236238
2021-05-03,121782,3433569,5052.0,2962.0,1195,23852426.0,6771476.0,0.03472598577786536,0.02150564122776765,0.009812615985942094
2021-05-04,117522,3454563,5002.0,2956.0,1161,24537128.0,6931584.0,0.035142356324773236,0.021740610268715644,0.009879001378465308
2021-05-05,113332,3475422,4883.0,2905.0,1126,25451513.0,7145486.0,0.03675043235802774,0.02226202661207779,0.00993541100483535
2021-05-06,109080,3492590,4811.0,2858.0,1066,26205337.0,7360108.0,0.037202053538687205,0.022598093142647598,0.009772643931059772
2021-05-07,105389,3508072,4714.0,2839.0,1037,26836612.0,7572228.0,0.0372429760221655,0.022592490677395174,0.009839736594900795
2021-05-08,102334,3520096,4654.0,2821.0,998,,,0.03664471241229699,0.022534055152735162,0.009752379463325972
2021-05-09,101011,3525420,4628.0,2822.0,971,27266358.0,7813381.0,0.03594658007543733,0.022007504133213215,0.009612814445951431
2021-05-10,99281,3532850,4641.0,2770.0,934,27686865.0,8022890.0,0.03537434151549642,0.021585197570532125,0.009407640938346713
2021-05-11,95066,3549629,4506.0,2740.0,872,28516504.0,8320680.0,0.035669955609786884,0.022163549534007954,0.009172574842740833
2021-05-12,90692,3566114,4421.0,2707.0,815,,,0.03681691880209941,0.022736294270718476,0.008986459665681647
2021-05-13,83194,3575784,4302.0,2682.0,748,29823801.0,8822370.0,0.03931773926004279,0.024148376084813808,0.008991033007188018
2021-05-14,75335,3583407,4229.0,2664.0,678,30353408.0,9060934.0,0.04263622486228181,0.025472887767969736,0.008999800889360855
2021-05-15,71903,3591999,4130.0,2619.0,660,,,0.04222355117310821,0.025826460648373503,0.009179032863719178
2021-05-16,70861,3596281,4165.0,2555.0,642,30743232.0,9332160.0,0.040487715386460815,0.024851469778862843,0.009059990685990884
2021-05-17,68711,3601561,4058.0,2523.0,621,31094584.0,9548021.0,0.03974618328942964,0.02497416716391844,0.009037854200928527
2021-05-18,64274,3613903,3925.0,2465.0,569,31616223.0,9901626.0,0.04079410025826929,0.026106979494041137,0.008852724274201076
2021-05-19,59087,3625201,3750.0,2381.0,512,32178636.0,10432968.0,0.04302130756342343,0.027011017651936975,0.008665188620170258
2021-05-20,57850,3633634,3631.0,2306.0,497,32633840.0,10915832.0,0.04278305963699222,0.025842696629213482,0.008591184096802075
2021-05-21,57811,3641218,3512.0,2223.0,481,33041570.0,11343644.0,0.039975091245610696,0.02430333327567418,0.008320215875871374
2021-05-22,55030,3647029,3391.0,2143.0,448,,,0.039433036525531526,0.024404870070870433,0.0081410139923678
2021-05-23,52748,3649029,3339.0,2107.0,424,,,0.0389777811481004,0.02487298096610298,0.00803821945855767
2021-05-24,49272,3650833,3271.0,2062.0,369,33503002.0,11896572.0,0.04036775450560156,0.025430264653352817,0.007489040428641013
2021-05-25,40601,3654504,3212.0,2009.0,332,33789188.0,12274086.0,0.04719095588778602,0.02982685155538041,0.00817713849412576
2021-05-26,36450,3661651,3036.0,1919.0,322,34305216.0,13053626.0,0.05135802469135802,0.03185185185185185,0.008834019204389575
2021-05-27,34837,3668471,2869.0,1857.0,304,34711424.0,13674483.0,0.05204236874587364,0.031862674742371616,0.00872635416367655
2021-05-28,32415,3673633,2731.0,1761.0,272,35058647.0,14197101.0,0.05300015424957581,0.0325158105815209,0.008391176924263458
2021-05-29,30291,3677320,2622.0,1716.0,257,,,0.05331616651810769,0.033409263477600606,0.008484368294212803
2021-05-30,29894,3678923,2542.0,1678.0,251,35325677.0,14615052.0,0.051113935906870946,0.03218037064293838,0.00839633371245066
2021-05-31,30538,3681371,2475.0,1596.0,251,35531114.0,15009970.0,0.04708887287969088,0.0303883685899535,0.008219267797498198
2021-06-01,31986,3686490,2311.0,1495.0,226,35936861.0,15604092.0,0.042643656599762395,0.02920027512036516,0.007065591196148315
2021-06-02,29333,3690984,2170.0,1405.0,196,36461594.0,16318175.0,0.04622779804315958,0.030102614802440936,0.006681894112433096
2021-06-03,25455,3693926,2056.0,1343.0,173,36695899.0,16708899.0,0.051109801610685526,0.033077980750343745,0.0067963072087998426
2021-06-04,22566,3696199,1989.0,1312.0,153,36999375.0,17240975.0,0.05446246565629708,0.03545156430027475,0.006780111672427546
2021-06-05,21185,3698505,1916.0,1253.0,141,,,0.05442530092046259,0.03601604909133821,0.006655652584375738
2021-06-06,20706,3699629,1872.0,1211.0,134,,,0.05244856563314981,0.03482082488167681,0.006471554138896938
2021-06-07,19964,3701335,1813.0,1161.0,122,,,0.051542776998597474,0.03396113003406131,0.006110999799639351
2021-06-08,18378,3704868,1718.0,1110.0,110,,,0.053542278811622594,0.03542278811622592,0.005985417346827729
2021-06-09,16748,3707732,1615.0,1054.0,90,,,0.05654406496298065,0.03737759732505374,0.005373775973250537
2021-06-10,16078,3710004,1528.0,1012.0,81,,,0.056350292324916035,0.03806443587510885,0.005037940042293818
2021-06-11,15650,3711849,1438.0,962.0,78,,,0.055335463258785945,0.03808306709265176,0.004984025559105432
2021-06-12,14645,3713150,1364.0,928.0,67,,,0.05667463298053943,0.03871628542164561,0.004574940252645954
2021-06-13,14031,3713660,1356.0,934.0,64,,,0.05680279381369824,0.037916043047537595,0.004561328486921816
2021-06-14,13258,3714593,1301.0,883.0,63,,,0.05679589681701614,0.03801478352692714,0.004751847940865892
2021-06-15,11425,3716293,1229.0,842.0,59,,,0.0637199124726477,0.043326039387308536,0.005164113785557987
2021-06-16,10002,3717734,1153.0,800.0,58,,,0.07218556288742252,0.04999000199960008,0.0057988402319536095
2021-06-17,8878,3718882,1086.0,763.0,56,,,0.07997296688443344,0.05260193737328227,0.0063077269655327775
2021-06-18,8057,3719906,1029.0,721.0,49,,,0.08439865955070125,0.054238550328906544,0.006081668114682885
2021-06-19,7495,3720645,984.0,678.0,45,,,0.08338892595063375,0.056037358238825885,0.00600400266844563
2021-06-20,7257,3720917,947.0,651.0,40,,,0.08281659087777318,0.05456800330715172,0.00551191952597492
2021-06-21,6923,3721516,906.0,626.0,33,,,0.08291203235591507,0.054167268525205835,0.004766719630218114
2021-06-22,6275,3722568,866.0,612.0,34,,,0.08876494023904383,0.058645418326693226,0.005418326693227091
2021-06-23,5731,3723465,830.0,596.0,29,,,0.09736520677019718,0.06333973128598848,0.005060198918164369
2021-06-24,5404,3724286,797.0,567.0,26,,,0.0995558845299778,0.06217616580310881,0.0048112509252405625
2021-06-25,5116,3725022,753.0,532.0,28,,,0.10144644253322908,0.060594214229867084,0.00547302580140735
2021-06-26,4860,3725505,728.0,504.0,28,,,0.101440329218107,0.06255144032921811,0.005761316872427984
2021-06-27,4809,3725726,722.0,495.0,28,,,0.09898107714701601,0.06196714493657725,0.005822416302765648
2021-06-28,4717,3726233,710.0,500.0,27,,,0.09730761076955692,0.06105575577697689,0.005723977104091583
2021-06-29,4560,3727128,680.0,467.0,22,,,0.0969298245614035,0.05986842105263158,0.004824561403508772
2021-06-30,4519,3727984,625.0,437.0,20,,,0.09714538614737774,0.06262447444124807,0.004425757911042266
2021-07-01,4398,3728684,601.0,420.0,21,,,0.10027285129604366,0.06093678944974989,0.0047748976807639835
2021-07-02,4330,3729352,574.0,396.0,18,,,0.09515011547344111,0.060739030023094685,0.004157043879907622
2021-07-03,4356,3729861,557.0,375.0,20,,,0.09228650137741047,0.05899908172635445,0.004591368227731864
2021-07-04,4342,3730068,558.0,368.0,20,,,0.09235375403040073,0.05596499309074159,0.004606172270842929
2021-07-05,4383,3730616,538.0,363.0,19,,,0.08761122518822724,0.053616244581336986,0.004334930412959161
2021-07-06,4543,3731671,519.0,336.0,20,,,0.08276469293418445,0.05260840854061193,0.004402377283733216
2021-07-07,4647,3732631,493.0,310.0,22,,,0.08048203141811922,0.04949429739616957,0.004734237142242307
2021-07-08,4902,3733586,476.0,304.0,18,,,0.07609139126886985,0.04426764585883313,0.0036719706242350062
2021-07-09,5179,3734531,459.0,298.0,22,,,0.07028383857887623,0.040548368410890136,0.004247924309712299
2021-07-10,5456,3735317,442.0,288.0,24,,,0.06598240469208211,0.03702346041055719,0.004398826979472141
2021-07-11,5558,3735626,439.0,273.0,22,,,0.06441165887009716,0.0361640878013674,0.00395825836631882
2021-07-12,5796,3736412,441.0,283.0,23,,,0.062284334023464456,0.033816425120772944,0.003968253968253968
2021-07-13,6510,3738181,412.0,268.0,21,,,0.055299539170506916,0.030568356374807988,0.0032258064516129032
2021-07-14,7173,3739804,402.0,263.0,21,,,0.052418792694827826,0.027464101491705004,0.0029276453366792136
2021-07-15,7725,3741311,401.0,257.0,22,,,0.04867313915857605,0.026148867313915858,0.0028478964401294497
2021-07-16,8392,3742923,384.0,243.0,16,,,0.044804575786463297,0.023236415633937083,0.0019065776930409914
2021-07-17,8879,3744196,376.0,235.0,15,,,0.04122085820475279,0.021511431467507603,0.0016893794346210158
2021-07-18,9065,3744691,374.0,239.0,18,,,0.03905129619415334,0.02040816326530612,0.0019856591285162713
2021-07-19,9705,3746117,373.0,230.0,18,,,0.03668212261720762,0.0190623390005152,0.0018547140649149924
2021-07-20,10271,3748452,364.0,217.0,20,,,0.035536948690487784,0.018401324116444358,0.001947230065232207
2021-07-21,10930,3750734,360.0,210.0,21,,,0.033760292772186645,0.01738334858188472,0.0019213174748398901
2021-07-22,11642,3752953,358.0,202.0,22,,,0.03298402336368322,0.017179178835251677,0.0018897096718776842
2021-07-23,12135,3755058,361.0,201.0,24,,,0.031644004944375775,0.016810877626699628,0.001977750309023486
2021-07-24,12452,3756648,360.0,196.0,27,,,0.032123353678123995,0.017105685833601027,0.0021683263732733696
2021-07-25,12595,3757286,376.0,199.0,25,,,0.0314410480349345,0.01699086939261612,0.001984914648670107
2021-07-26,12831,3758948,376.0,197.0,25,,,0.03125243550775466,0.016522484607590992,0.0019484062037253527
2021-07-27,13587,3762039,376.0,202.0,25,,,0.03135349966880106,0.015235151247516008,0.0018399941120188416
2021-07-28,14136,3764870,366.0,195.0,32,,,0.031550650820599886,0.01542161856253537,0.0022637238256932655
2021-07-29,14544,3767497,354.0,191.0,33,,,0.03204070407040704,0.015332783278327832,0.002268976897689769
2021-07-30,14951,3770009,356.0,185.0,35,,,0.030298976657079795,0.015249816065814995,0.0023409805364189686
2021-07-31,15317,3771965,365.0,185.0,32,,,0.030227851406933473,0.015668864660181497,0.002089181954690866
2021-08-01,15455,3772741,369.0,189.0,33,,,0.031187318020058235,0.01611129084438693,0.002135231316725979
2021-08-02,15892,3774840,384.0,190.0,33,,,0.03133652152026177,,0.0020765164862824063
2021-08-03,16536,3778575,384.0,200.0,31,,,,,0.0018746976294146105
2021-08-04,17248,3782118,400.0,204.0,24,,,,,0.0013914656771799629
2021-08-05,18134,3785631,396.0,213.0,21,,,,,0.0011580456600860263
2021-08-06,19115,3789124,401.0,214.0,19,,,,,0.0009939837823698665
2021-08-07,19936,3791901,426.0,212.0,20,,,,,0.0010032102728731941
2021-08-08,20296,3793037,446.0,207.0,20,,,,,0.0009854158454867955
2021-08-09,21111,3795951,466.0,218.0,19,,,,,0.0009000047368670362
2021-08-10,22884,3801459,453.0,223.0,18,,,,,0.0007865757734661773
2021-08-11,24874,3806992,463.0,228.0,16,,,,,0.0006432419393744472
2021-08-12,26533,3812164,482.0,240.0,17,,,,,0.0006407115667282252
2021-08-13,27161,3816285,498.0,249.0,14,,,,,0.0005154449394352196
